"automated","collectionProtocol","comments","createdBy","groupNames","inputCount","instrumentName","jobId","jobStatus","name","plateId","primaryProtocol","protocolName","referenceSequenceName","sampleName","sequencingCondition","version","whenStarted"
"true","MagBead OneCellPerWell v1","","administrator","all","1","42163R","16797","Completed","PB000274_ER_28502_3A_HGAP3","PB_000274_ER_isolate_P6_121520_MOCPW","BasecallerV1","RS_HGAP_Assembly.3","","PB000274_ER_28502_3A_5K_P6_121520_MOCPW_70pM","","2.3.0","Wed Dec 16 13:42:56 EST 2020"
"true","MagBead OneCellPerWell v1","","oussenko","all","1","42163R","16796","Completed","PB000271_ER_28090_3A_HGAP3","PB_000271_ER_isolates_P6_121020_MOCPW","BasecallerV1","RS_HGAP_Assembly.3","","PB000271_ER_28090_3A_5K_P6_121020_MOCPW_70pM","","2.3.0","Fri Dec 11 12:36:26 EST 2020"
"true","MagBead OneCellPerWell v1","","oussenko","all","1","42163R","16795","Completed","PB000271_ER_28383_3A_HGAP3","PB_000271_ER_isolates_P6_121020_MOCPW","BasecallerV1","RS_HGAP_Assembly.3","","PB000271_ER_28383_3A_5K_P6_121020_MOCPW_70pM","","2.3.0","Fri Dec 11 12:35:32 EST 2020"
"true","MagBead OneCellPerWell v1","","oussenko","all","1","42163R","16794","Completed","PB000268_ER_28229_3A_HGAP3","PB_000268_ER_High_Priority_P6_120320_MOCPW","BasecallerV1","RS_HGAP_Assembly.3","","PB000268_ER_28229_3A_5K_120320_MOCPW_80pM","","2.3.0","Mon Dec 07 13:35:22 EST 2020"
"true","MagBead OneCellPerWell v1","","oussenko","all","1","42163R","16793","Completed","PB000268_ER_28223_3A_HGAP3","PB_000268_ER_High_Priority_P6_120320_MOCPW","BasecallerV1","RS_HGAP_Assembly.3","","PB000268_ER_28223_3A_5K_120320_MOCPW_80pM","","2.3.0","Mon Dec 07 13:34:37 EST 2020"
"true","MagBead OneCellPerWell v1","","oussenko","all","1","42163R","16792","Completed","PB000268_ER_28224_3A_HGAP3","PB_000268_ER_High_Priority_P6_120320_MOCPW","BasecallerV1","RS_HGAP_Assembly.3","","PB000268_ER_28224_3A_5K_120320_MOCPW_80pM","","2.3.0","Mon Dec 07 13:33:42 EST 2020"
"true","MagBead OneCellPerWell v1","","oussenko","all","1","42163R","16791","Completed","TD02263_ER_27941_3A_HGAP3","TD_02263_ER_isolates_P6_111720_MOCPW","BasecallerV1","RS_HGAP_Assembly.3","","TD02263_ER_27941_3A_5K_P6_111720_MOCPW_70pM","","2.3.0","Wed Nov 18 12:32:18 EST 2020"
"true","MagBead OneCellPerWell v1","","oussenko","all","1","42163R","16790","Completed","TD02263_ER_27942_3A_HGAP3","TD_02263_ER_isolates_P6_111720_MOCPW","BasecallerV1","RS_HGAP_Assembly.3","","TD02263_ER_27942_3A_5K_P6_111720_MOCPW_70pM","","2.3.0","Wed Nov 18 12:31:26 EST 2020"
"true","MagBead OneCellPerWell v1","","administrator","all","1","42163R","16789","Completed","TD02205_HERVK_3plex_subreads","TD_02244_TD_02251_ER_isolates_TD02205_HERVK_P6_111220_MOCPW","BasecallerV1","RS_Subreads.1","","TD02205_HERV_3plx_BP_P6_111220_MOCPW_85pM","","2.3.0","Tue Nov 17 16:59:34 EST 2020"
"true","MagBead OneCellPerWell v1","","administrator","all","1","42163R","16788","Completed","Copy_of_Copy_of_TD02251_ER_27790_3A_HGAP3","TD_02244_TD_02251_ER_isolates_TD02205_HERVK_P6_111220_MOCPW","BasecallerV1","RS_HGAP_Assembly.3","","TD02251_ER_27790_3A_5K_P6_111220_MOCPW_70pM","","2.3.0","Fri Nov 13 13:59:26 EST 2020"
"true","MagBead OneCellPerWell v1","","administrator","all","1","42163R","16787","Completed","Copy_of_Copy_of_TD02244_ER_27644_3A_HGAP3","TD_02244_TD_02251_ER_isolates_TD02205_HERVK_P6_111220_MOCPW","BasecallerV1","RS_HGAP_Assembly.3","","TD02244_ER_27644_3A_5K_P6_111220_MOCPW_70pM","","2.3.0","Fri Nov 13 13:58:14 EST 2020"
"true","MagBead OneCellPerWell v1","","administrator","all","1","42163R","16786","Failed","Copy_of_TD02251_ER_27790_3A_HGAP3","TD_02244_TD_02251_ER_isolates_TD02205_HERVK_P6_111220_MOCPW","BasecallerV1","RS_HGAP_Assembly.3","","TD02251_ER_27790_3A_5K_P6_111220_MOCPW_70pM","","2.3.0","Fri Nov 13 13:53:08 EST 2020"
"true","MagBead OneCellPerWell v1","","administrator","all","1","42163R","16785","Failed","Copy_of_TD02244_ER_27644_3A_HGAP3","TD_02244_TD_02251_ER_isolates_TD02205_HERVK_P6_111220_MOCPW","BasecallerV1","RS_HGAP_Assembly.3","","TD02244_ER_27644_3A_5K_P6_111220_MOCPW_70pM","","2.3.0","Fri Nov 13 13:52:43 EST 2020"
"true","MagBead OneCellPerWell v1","","oussenko","all","1","42163R","16784","Failed","TD02244_ER_27644_3A_HGAP3","TD_02244_TD_02251_ER_isolates_TD02205_HERVK_P6_111220_MOCPW","BasecallerV1","RS_HGAP_Assembly.3","","TD02244_ER_27644_3A_5K_P6_111220_MOCPW_70pM","","2.3.0","Fri Nov 13 13:02:43 EST 2020"
"true","MagBead OneCellPerWell v1","","oussenko","all","1","42163R","16783","Failed","TD02251_ER_27790_3A_HGAP3","TD_02244_TD_02251_ER_isolates_TD02205_HERVK_P6_111220_MOCPW","BasecallerV1","RS_HGAP_Assembly.3","","TD02251_ER_27790_3A_5K_P6_111220_MOCPW_70pM","","2.3.0","Fri Nov 13 13:01:27 EST 2020"
"true","MagBead OneCellPerWell v1","","oussenko","all","1","42163R","16782","Completed","TD_02176_ER_27337_3A_HGAP3","TD_02176_ER_Isolate_P6_102220_MOCPW","BasecallerV1","RS_HGAP_Assembly.3","","TD02176_ER_27337_3A_5K_P6_102220_MOCPW_70pM","","2.3.0","Fri Oct 23 12:11:44 EDT 2020"
"true","MagBead OneCellPerWell v1","","oussenko","all","1","42163R","16781","Completed","TD_02172_ER_27291_3A_HGAP3","TD_02138_02160_02172_bacterial_isolates_P6_101920_MOCPW","BasecallerV1","RS_HGAP_Assembly.3","","TD_02172_ER_27291_3A_5K_P6_101920_MOCPW_80pM","","2.3.0","Wed Oct 21 12:35:50 EDT 2020"
"true","MagBead OneCellPerWell v1","","oussenko","all","1","42163R","16780","Completed","TD_02138_RR_00013_HGAP3","TD_02138_02160_02172_bacterial_isolates_P6_101920_MOCPW","BasecallerV1","RS_HGAP_Assembly.3","","TD02138_RR_00013_5K_P6_101920_MOCPW_70pM","","2.3.0","Tue Oct 20 15:11:26 EDT 2020"
"true","MagBead OneCellPerWell v1","","oussenko","all","1","42163R","16779","Completed","TD_02160_ER_27195_3A_HGAP3","TD_02138_02160_02172_bacterial_isolates_P6_101920_MOCPW","BasecallerV1","RS_HGAP_Assembly.3","","TD_02160_ER_27195_3A_5K_P6_101920_MOCPW_80pM","","2.3.0","Tue Oct 20 15:09:56 EDT 2020"
"true","MagBead OneCellPerWell v1","","oussenko","all","1","42163R","16778","Completed","TD_02160_ER_27137_3A_HGAP3","TD_02138_02160_02172_bacterial_isolates_P6_101920_MOCPW","BasecallerV1","RS_HGAP_Assembly.3","","TD_02160_ER_27137_3A_5K_P6_101920_MOCPW_80pM","","2.3.0","Tue Oct 20 15:09:12 EDT 2020"
"true","MagBead OneCellPerWell v1","","oussenko","all","1","42163R","16777","Completed","TD02092_ER_26567_3A_HGAP3","TD_02092_TD_02118_ER_isolates_P6_100520_MOCPW","BasecallerV1","RS_HGAP_Assembly.3","","TD02092_ER_26567_3A_5K_P6_100520_MOCPW_70pM","","2.3.0","Tue Oct 06 12:47:21 EDT 2020"
"true","MagBead OneCellPerWell v1","","oussenko","all","1","42163R","16776","Completed","TD02118_ER_26996_3A_HGAP3","TD_02092_TD_02118_ER_isolates_P6_100520_MOCPW","BasecallerV1","RS_HGAP_Assembly.3","","TD02118_ER_26996_3A_5K_P6_100520_MOCPW_70pM","","2.3.0","Tue Oct 06 12:45:46 EDT 2020"
"true","MagBead OneCellPerWell v1","","oussenko","all","1","42163R","16775","Completed","TD02084_ER_26535_3A_HGAP3","TD_02084_ER_isolate_P6_091820_MOCPW","BasecallerV1","RS_HGAP_Assembly.3","","TD02084_ER_26535_3A_5K_P6_091820_MOCPW_70pM","","2.3.0","Sat Sep 19 09:21:54 EDT 2020"
"true","MagBead OneCellPerWell v1","","oussenko","all","1","42163R","16774","Completed","TD02060_ER_26505_3A_HGAP3","TD_02060_ER_isolates_P6_091120_MOCPW","BasecallerV1","RS_HGAP_Assembly.3","","TD02060_ER_26505_3A_5K_P6_091120_MOCPW_70pM","","2.3.0","Sat Sep 12 20:13:43 EDT 2020"
"true","MagBead OneCellPerWell v1","","oussenko","all","1","42163R","16773","Completed","TD02060_ER_26501_3A_HGAP3","TD_02060_ER_isolates_P6_091120_MOCPW","BasecallerV1","RS_HGAP_Assembly.3","","TD02060_ER_26501_3A_5K_P6_091120_MOCPW_70pM","","2.3.0","Sat Sep 12 13:45:23 EDT 2020"
"true","MagBead OneCellPerWell v1","","oussenko","all","1","42163R","16772","Completed","TD02060_ER_26502_3A_HGAP3","TD_02060_ER_isolates_P6_091120_MOCPW","BasecallerV1","RS_HGAP_Assembly.3","","TD02060_ER_26502_3A_5K_P6_091120_MOCPW_70pM","","2.3.0","Sat Sep 12 13:44:35 EDT 2020"
"true","MagBead OneCellPerWell v1","","administrator","all","1","42163R","16771","Completed","TD02032_ER_26285_3A_HGAP3","TD_02028_RC_isolates_TD_02032_ER_isolates_P6_090420_MOCPW","BasecallerV1","RS_HGAP_Assembly.3","","TD02032_ER_26285_3A_5K_P6_090420_MOCPW_70pM","","2.3.0","Mon Sep 07 11:18:53 EDT 2020"
"true","MagBead OneCellPerWell v1","","administrator","all","1","42163R","16770","Completed","TD02032_ER_26382_3A_HGAP3","TD_02028_RC_isolates_TD_02032_ER_isolates_P6_090420_MOCPW","BasecallerV1","RS_HGAP_Assembly.3","","TD02032_ER_26382_3A_5K_P6_090420_MOCPW_70pM","","2.3.0","Mon Sep 07 11:17:59 EDT 2020"
"true","MagBead OneCellPerWell v1","","oussenko","all","1","42163R","16769","Completed","TD02028_RC_06396_2B_HGAP3","TD_02028_RC_isolates_TD_02032_ER_isolates_P6_090420_MOCPW","BasecallerV1","RS_HGAP_Assembly.3","","TD02028_RC_06396_2B_5K_P6_090420_MOCPW_70pM","","2.3.0","Sat Sep 05 11:14:53 EDT 2020"
"true","MagBead OneCellPerWell v1","","oussenko","all","1","42163R","16768","Completed","TD02028_RC_04770_2A_HGAP3","TD_02028_RC_isolates_TD_02032_ER_isolates_P6_090420_MOCPW","BasecallerV1","RS_HGAP_Assembly.3","","TD02028_RC_04770_2A_3K_P6_090420_MOCPW_70pM","","2.3.0","Sat Sep 05 08:30:19 EDT 2020"
"true","MagBead OneCellPerWell v1","","oussenko","all","1","42163R","16767","Completed","TD02019_ER_26219_3A_HGAP3_new","TD_02019_ER_isolate_P6_rerun_090220_MOCPW","BasecallerV1","RS_HGAP_Assembly.3","","TD02019_ER_26219_3A_5K_P6_090220_MOCPW_70pM","","2.3.0","Thu Sep 03 12:37:57 EDT 2020"
"true","MagBead OneCellPerWell v1","","oussenko","all","1","42163R","16766","Stopped","TD)2019_ER_26219_3A_HGAP3_new","TD_02019_ER_isolate_P6_rerun_090220_MOCPW","BasecallerV1","RS_HGAP_Assembly.3","","TD02019_ER_26219_3A_5K_P6_090220_MOCPW_70pM","","2.3.0","Thu Sep 03 12:35:33 EDT 2020"
"true","MagBead OneCellPerWell v1","","oussenko","all","1","42163R","16765","Completed","TD02019_ER_26219_3A_subreads","TD_02019_ER_isolate_P6_083120_MOCPW","BasecallerV1","RS_Subreads.1","","TD02019_ER_26219_3A_5K_P6_083120_MOCPW_80pM","","2.3.0","Wed Sep 02 14:00:49 EDT 2020"
"true","MagBead OneCellPerWell v1","","oussenko","all","1","42163R","16764","Failed","TD02019_ER_26219_3A_HGAP3","TD_02019_ER_isolate_P6_083120_MOCPW","BasecallerV1","RS_HGAP_Assembly.3","","TD02019_ER_26219_3A_5K_P6_083120_MOCPW_80pM","","2.3.0","Wed Sep 02 13:59:42 EDT 2020"
"true","MagBead OneCellPerWell v1","","oussenko","all","1","42163R","16763","Completed","TD02019_ER_26217_3A_HGAP3","TD_02019_ER_isolates_P6_082820_MOCPW","BasecallerV1","RS_HGAP_Assembly.3","","TD02019_ER_26217_3A_5K_P6_082820_MOCPW_80pM","","2.3.0","Sat Aug 29 19:41:54 EDT 2020"
"true","MagBead OneCellPerWell v1","","oussenko","all","1","42163R","16762","Completed","TD02019_ER_26218_3A_HGAP3","TD_02019_ER_isolates_P6_082820_MOCPW","BasecallerV1","RS_HGAP_Assembly.3","","TD02019_ER_26218_3A_5K_P6_082820_MOCPW_80pM","","2.3.0","Sat Aug 29 19:40:36 EDT 2020"
"true","MagBead OneCellPerWell v1","","oussenko","all","1","42163R","16761","Completed","TD02019_ER_26216_3A_HGAP3","TD_02019_ER_isolates_P6_082820_MOCPW","BasecallerV1","RS_HGAP_Assembly.3","","TD02019_ER_26216_3A_5K_P6_082820_MOCPW_80pM","","2.3.0","Sat Aug 29 13:13:22 EDT 2020"
"true","MagBead OneCellPerWell v1","by Mondale","administrator","all","1","42163R","16760","Completed","TD01975_ER_25914_3A_HGAP3_repeat","TD_01975_ER_isolates_TD_01959_HER V_pool_P6_081920_MOCPW","BasecallerV1","RS_HGAP_Assembly.3","","TD01975_ER_25914_3A_5K_P6_081920_70pM","","2.3.0","Fri Aug 21 13:04:16 EDT 2020"
"true","MagBead OneCellPerWell v1","by Mondale","administrator","all","1","42163R","16759","Completed","TD01975_ER_25922_3A_HGAP3_repeat","TD_01975_ER_isolates_TD_01959_HER V_pool_P6_081920_MOCPW","BasecallerV1","RS_HGAP_Assembly.3","","TD01975_ER_25922_3A_5K_P6_081920_70pM","","2.3.0","Fri Aug 21 13:04:10 EDT 2020"
"true","MagBead OneCellPerWell v1","by Mondale","administrator","all","1","42163R","16758","Completed","TD01975_ER_25101_3A_HGAP3_repeat","TD_01975_ER_isolates_TD_01959_HER V_pool_P6_081920_MOCPW","BasecallerV1","RS_HGAP_Assembly.3","","TD01975_ER_25101_3A_5K_P6_081920_70pM","","2.3.0","Fri Aug 21 13:04:01 EDT 2020"
"true","MagBead OneCellPerWell v1","","oussenko","all","1","42163R","16753","Failed","TD01975_ER_25914_3A_HGAP3","TD_01975_ER_isolates_TD_01959_HER V_pool_P6_081920_MOCPW","BasecallerV1","RS_HGAP_Assembly.3","","TD01975_ER_25914_3A_5K_P6_081920_70pM","","2.3.0","Fri Aug 21 01:52:48 EDT 2020"
"true","MagBead OneCellPerWell v1","","oussenko","all","1","42163R","16752","Failed","TD01975_ER_25922_3A_HGAP3","TD_01975_ER_isolates_TD_01959_HER V_pool_P6_081920_MOCPW","BasecallerV1","RS_HGAP_Assembly.3","","TD01975_ER_25922_3A_5K_P6_081920_70pM","","2.3.0","Fri Aug 21 01:51:49 EDT 2020"
"true","MagBead OneCellPerWell v1","","oussenko","all","1","42163R","16751","Failed","TD01975_ER_25101_3A_HGAP3","TD_01975_ER_isolates_TD_01959_HER V_pool_P6_081920_MOCPW","BasecallerV1","RS_HGAP_Assembly.3","","TD01975_ER_25101_3A_5K_P6_081920_70pM","","2.3.0","Fri Aug 21 01:50:56 EDT 2020"
"true","MagBead OneCellPerWell v1","","administrator","all","1","42163R","16750","Completed","TD01959_HERVK_6amp_Subreads","TD_01975_ER_isolates_TD_01959_HER V_pool_P6_081920_MOCPW","BasecallerV1","RS_Subreads.1","","TD_01959_HERV_6plx_P6_081920_90pM","","2.3.0","Thu Aug 20 16:00:42 EDT 2020"
"true","MagBead OneCellPerWell v1","","oussenko","all","1","42163R","16749","Completed","TD01975_ER_25028_3A_HGAP3","TD_01975_ER_isolates_TD_01959_HER V_pool_P6_081920_MOCPW","BasecallerV1","RS_HGAP_Assembly.3","","TD01975_ER_25028_3A_5K_P6_081920_70pM","","2.3.0","Thu Aug 20 15:17:54 EDT 2020"
"true","MagBead OneCellPerWell v1","","administrator","all","1","42163R","16748","Completed","TD01768_subreads","TD_01451_TD_01768_TC_HERV_Pools_P6_071020_MOCPW","BasecallerV1","RS_Subreads.1","","TD_01768_TreeCode_amp_P6_071020_MOCPW_80pM","","2.3.0","Tue Jul 14 15:17:01 EDT 2020"
"true","MagBead OneCellPerWell v1","","MSmith","all","1","42177R","16747","Completed","TD01595_HERV_pool1_7_Repeat_SR","TD_01595_HERV_1_7_Rep_P6_052920_MOCPW","BasecallerV1","RS_Subreads.1","","TD_01595_LB_HERV_Pool_1_7_052920_MO_90pM","","2.3.0","Wed Jun 03 09:16:11 EDT 2020"
"true","MagBead OneCellPerWell v1","","MSmith","all","1","42177R","16746","Failed","TD01595_HERV_Pool1_7_SR","TD_01595_HERV_1_7_Rep_P6_052920_MOCPW","BasecallerV1","RS_Resequencing.1","common/references/lambda","TD_01595_LB_HERV_Pool_1_7_052920_MO_90pM","","2.3.0","Mon Jun 01 14:23:00 EDT 2020"
"true","MagBead OneCellPerWell v1","","MSmith","all","1","42177R","16745","Completed","TD01595_HERV_pool_1_7_SR","TD_01595_HERV_TD_01184_Fosmid_pools_Rep_TD01244_P6_043020_MOCPW","BasecallerV1","RS_Subreads.1","","TD_01595_LB_HERV_Pool_1_7_043020_MO_75pM","","2.3.0","Wed May 27 18:30:00 EDT 2020"
"true","MagBead OneCellPerWell v1","","MSmith","all","1","42177R","16744","Completed","TD01595_HERV_Pool_8_14_SR","TD_01595_HERV_TD_01184_Fosmid_pools_Rep_TD01244_P6_043020_MOCPW","BasecallerV1","RS_Subreads.1","","TD_01595_LB_HERV_Pool_8_14_043020_MO_75pM","","2.3.0","Wed May 27 18:29:40 EDT 2020"
"true","Standard Seq v3","","fanglab","all","1","42177R","16743","Completed","AT_NG_HGAP3_500bp","TD_01649_amp_TD01557_500bp_050720_SSeq","BasecallerV1","RS_HGAP_Assembly.3","","TD_01557_10_NG_500bp_050720_SSeq_200pM","","2.3.0","Mon May 11 15:39:05 EDT 2020"
"true","Standard Seq v3","","fanglab","all","1","42177R","16742","Completed","AT_BF_HGAP3_500bp","TD_01649_amp_TD01557_500bp_050720_SSeq","BasecallerV1","RS_HGAP_Assembly.3","","TD_01557_5_BF_500bp_050720_SSeq_200pM","","2.3.0","Mon May 11 15:38:39 EDT 2020"
"true","Standard Seq v3","","fanglab","all","1","42177R","16741","Completed","AT_CP_HGAP3_500bp","TD_01649_amp_TD01557_500bp_050720_SSeq","BasecallerV1","RS_HGAP_Assembly.3","","TD_01557_9_CP_500bp_050720_SSeq_200pM","","2.3.0","Mon May 11 15:38:10 EDT 2020"
"true","Standard Seq v3","","fanglab","all","1","42177R","16740","Completed","AT_HP_JP26_HGAP3_500bp","TD_01649_amp_TD01557_500bp_050720_SSeq","BasecallerV1","RS_HGAP_Assembly.3","","TD_01557_HP_J26_500bp_050720_SSeq_200pM","","2.3.0","Mon May 11 15:36:50 EDT 2020"
"true","MagBead OneCellPerWell v1","","MSmith","all","1","42177R","16739","Completed","TD01184_ABC9_IGK5a_Pool_Redux_SR","TD_01595_HERV_TD_01184_Fosmid_pools_Rep_TD01244_P6_043020_MOCPW","BasecallerV1","RS_Subreads.1","","TD_01184_ABC_9_IGK_5_a_pool_Re_043020_MO_85pM","","2.3.0","Mon May 04 09:03:34 EDT 2020"
"true","MagBead OneCellPerWell v1","","MSmith","all","1","42177R","16738","Completed","TD01184_ABC9_IGL_4_Pool_Redux_SR","TD_01595_HERV_TD_01184_Fosmid_pools_Rep_TD01244_P6_043020_MOCPW","BasecallerV1","RS_Subreads.1","","TD_01184_ABC_9_IGL_4_Re_043020_MO_85pM","","2.3.0","Mon May 04 09:02:50 EDT 2020"
"true","MagBead OneCellPerWell v1","","MSmith","all","1","42177R","16737","Completed","TD01184_ABC9_IGK4b_Pool_Redux_SR","TD_01595_HERV_TD_01184_Fosmid_pools_Rep_TD01244_P6_043020_MOCPW","BasecallerV1","RS_Subreads.1","","TD_01184_ABC_9_IGK_4_b_pool_Re_043020_MO_85pM","","2.3.0","Mon May 04 09:02:07 EDT 2020"
"true","MagBead OneCellPerWell v1","","MSmith","all","1","42177R","16736","Completed","TD01184_ABC9_IGK5b_Pool_Redux_SR","TD_01595_HERV_TD_01184_Fosmid_pools_Rep_TD01244_P6_043020_MOCPW","BasecallerV1","RS_Subreads.1","","TD_01184_ABC_9_IGK_5_b_pool_Re_043020_MO_85pM","","2.3.0","Sun May 03 10:26:26 EDT 2020"
"true","MagBead OneCellPerWell v1","","MSmith","all","1","42177R","16735","Completed","TD01184_ABC9_IGL4_pool_SR","TD_01184_Fosmid_pools_P6_042120_MOCPW","BasecallerV1","RS_Subreads.1","","TD_01184_ABC_9_IGL_4_042120_MOCP_105pM","","2.3.0","Thu Apr 23 13:53:07 EDT 2020"
"true","MagBead OneCellPerWell v1","","MSmith","all","1","42177R","16734","Completed","TD01184_ABC9_IGL_5_pool_SR","TD_01184_Fosmid_pools_P6_042120_MOCPW","BasecallerV1","RS_Subreads.1","","TD_01184_ABC_9_IGL_5_042120_MOCP_90pM","","2.3.0","Thu Apr 23 13:52:18 EDT 2020"
"true","MagBead OneCellPerWell v1","","MSmith","all","1","42177R","16733","Completed","TD01184_ABC9_IGK_5b_pool_SR","TD_01184_Fosmid_pools_P6_042120_MOCPW","BasecallerV1","RS_Subreads.1","","TD_01184_ABC_9_IGK_5_b_pool_042120_MOCP_120pM","","2.3.0","Thu Apr 23 13:51:47 EDT 2020"
"true","MagBead OneCellPerWell v1","","MSmith","all","1","42177R","16732","Failed","TD01184_ABC9_IGK_5a_pool_SR","TD_01184_Fosmid_pools_P6_042120_MOCPW","BasecallerV1","RS_Subreads.1","","TD_01184_ABC_9_IGK_5_a_pool_042120_MOCP_105pM","","2.3.0","Wed Apr 22 21:56:33 EDT 2020"
"true","MagBead OneCellPerWell v1","","MSmith","all","1","42177R","16731","Completed","TD01184_ABC9_IGK_4b_pool_SR","TD_01184_Fosmid_pools_P6_042120_MOCPW","BasecallerV1","RS_Subreads.1","","TD_01184_ABC_9_IGK_4_b_pool_042120_MOCP_120pM","","2.3.0","Wed Apr 22 19:09:53 EDT 2020"
"true","MagBead OneCellPerWell v1","","MSmith","all","1","42177R","16730","Completed","TD01442_ER_23114_3A_HGAP3_041020","TD_01442_ER_isolate_P6_040920_MOCPW","BasecallerV1","RS_HGAP_Assembly.3","","TD01442_ER_23114_3A_5K_P6_040920_MOCPW_70pM","","2.3.0","Fri Apr 10 10:45:36 EDT 2020"
"true","MagBead OneCellPerWell v1","","MSmith","all","1","42177R","16729","Completed","TD01442_ER_23114_3A_5k_040920_SR","TD_01442_ER_isolate_P6_040920_MOCPW","BasecallerV1","RS_Subreads.1","","TD01442_ER_23114_3A_5K_P6_040920_MOCPW_70pM","","2.3.0","Fri Apr 10 09:45:50 EDT 2020"
"true","MagBead OneCellPerWell v1","","MSmith","all","1","42177R","16727","Completed","TD00739_Borr_B31_5A4_SR","TD_00599_CD_ER_isolates_TD_00739_Borrelia_isolates_TD_00746_Myc_inermis_P6_031819_MOCPW","BasecallerV1","RS_Subreads.1","","TD00739_Borr_B31_5A4_Pip_P6_031819_MOCPW_70pM","","2.3.0","Thu Apr 09 10:21:04 EDT 2020"
"true","MagBead OneCellPerWell v1","","MSmith","all","2","42177R","16726","Completed","TD00739_B408_2cells_SR","[Multiple]","BasecallerV1","RS_Subreads.1","","[Multiple]","","2.3.0","Thu Apr 09 10:20:39 EDT 2020"
"true","MagBead OneCellPerWell v1","","MSmith","all","2","42177R","16725","Completed","TD00739_Borr_B379_2cells_SR","[Multiple]","BasecallerV1","RS_Subreads.1","","[Multiple]","","2.3.0","Thu Apr 09 10:20:14 EDT 2020"
"true","MagBead OneCellPerWell v1","","MSmith","all","1","42177R","16724","Completed","TD-1442_ER_23114_3A_5K_90pM_SR","TD_01442_ER_isolate_P6_rerun_040720_MOCPW","BasecallerV1","RS_Subreads.1","","TD01442_ER_23114_3A_5K_P6_040720_MOCPW_90pM","","2.3.0","Wed Apr 08 08:34:53 EDT 2020"
"true","MagBead OneCellPerWell v1","","MSmith","all","1","42177R","16723","Completed","TD01442_ER_23114_3A_5K_100pM_SR","TD_01442_ER_isolate_P6_rerun_040720_MOCPW","BasecallerV1","RS_Subreads.1","","TD01442_ER_23114_3A_5K_P6_040720_MOCPW_100pM","","2.3.0","Wed Apr 08 08:34:14 EDT 2020"
"true","MagBead OneCellPerWell v1","","MSmith","all","1","42177R","16722","Completed","TD01442_ER_23114_3A_SR","TD_01442_ER_isolate_P6_040520_MOCPW","BasecallerV1","RS_Subreads.1","","TD01442_ER_23114_3A_5K_P6_040520_MOCPW_100pM","","2.3.0","Mon Apr 06 14:34:24 EDT 2020"
"true","MagBead OneCellPerWell v1","","MSmith","all","1","42177R","16721","Failed","TD01442_ER_23114_3A_HGAP3","TD_01442_ER_isolate_P6_040520_MOCPW","BasecallerV1","RS_HGAP_Assembly.3","","TD01442_ER_23114_3A_5K_P6_040520_MOCPW_100pM","","2.3.0","Mon Apr 06 13:57:23 EDT 2020"
"true","MagBead OneCellPerWell v1","","MSmith","all","2","42177R","16720","Completed","TD00739_Borr_B408_2cells_HGAP3","[Multiple]","BasecallerV1","RS_HGAP_Assembly.3","","[Multiple]","","2.3.0","Tue Feb 25 21:33:19 EST 2020"
"true","MagBead OneCellPerWell v1","","MSmith","all","2","42177R","16719","Completed","TD0739_Borr_B379_2cells_HGAP3","[Multiple]","BasecallerV1","RS_HGAP_Assembly.3","","[Multiple]","","2.3.0","Tue Feb 25 21:32:48 EST 2020"
"true","MagBead OneCellPerWell v1","","MSmith","all","1","42177R","16718","Completed","TD00739_Borr_B31_5A4_HGAP3","TD_00599_CD_ER_isolates_TD_00739_Borrelia_isolates_TD_00746_Myc_inermis_P6_031819_MOCPW","BasecallerV1","RS_HGAP_Assembly.3","","TD00739_Borr_B31_5A4_Pip_P6_031819_MOCPW_70pM","","2.3.0","Tue Feb 25 21:32:10 EST 2020"
"true","MagBead OneCellPerWell v1","","MSmith","all","1","42177R","16717","Completed","TD00739_Borr_B379_HGAP3","TD_00621_Candida_TD_00599_CD_isolates_TD_00739_borrelia_TD_00746_Myc_inermis_031919_PW","BasecallerV1","RS_HGAP_Assembly.3","","TD00739_Borr_B379_Pip_P6_032019_MOCPW_100pM","","2.3.0","Tue Feb 25 21:31:46 EST 2020"
"true","MagBead OneCellPerWell v1","","MSmith","all","1","42177R","16716","Completed","TD00739_Borr_B408_HGAP3","TD_00621_Candida_TD_00599_CD_isolates_TD_00739_borrelia_TD_00746_Myc_inermis_031919_PW","BasecallerV1","RS_HGAP_Assembly.3","","TD00739_Borr_B408_Pip_P6_032019_MOCPW_100pM","","2.3.0","Tue Feb 25 21:31:21 EST 2020"
"true","MagBead OneCellPerWell v1","","MSmith","all","1","42177R","16715","Completed","TD01454_ABC13_pool_IGL_4_SR","TD_01454_Fosmid_pools_TD_01442_ER_TD_01294_P6_120619_MOCPW","BasecallerV1","RS_Subreads.1","","TD_01454_ABC13_pool_igl_4_020420_MO_85pM","","2.3.0","Tue Feb 25 10:58:36 EST 2020"
"true","","","MSmith","all","0","","16714","Completed","TD01454_ABC14_pool_IGK_5b_SR","","","RS_Subreads.1","","","","2.3.0","Tue Feb 25 10:57:48 EST 2020"
"true","MagBead OneCellPerWell v1","","MSmith","all","1","42177R","16713","Completed","TD01454_ABC14_pool_IGK_4a_SR","TD_01454_Fosmid_pools_TD_01442_ER_TD_01294_P6_120619_MOCPW","BasecallerV1","RS_Subreads.1","","TD_01454_ABC14_pool_igk_4a_020420_MO_85pM","","2.3.0","Tue Feb 25 10:57:16 EST 2020"
"true","MagBead OneCellPerWell v1","","MSmith","all","1","42177R","16712","Completed","TD01454_ABC14_pool_IGK_5a_SR","TD_01454_Fosmid_pools_TD_01442_ER_TD_01294_P6_120619_MOCPW","BasecallerV1","RS_Subreads.1","","TD_01454_ABC14_pool_igk_5a_020420_MO_85pM","","2.3.0","Tue Feb 25 10:56:54 EST 2020"
"true","MagBead OneCellPerWell v1","","MSmith","all","1","42177R","16711","Completed","TD01454_ABC13_pool_IGL_5_SR","TD_01454_Fosmid_pools_TD_01442_ER_TD_01294_P6_120619_MOCPW","BasecallerV1","RS_Subreads.1","","TD_01454_ABC13_pool_igl_5_020420_MO_85pM","","2.3.0","Tue Feb 25 10:56:16 EST 2020"
"true","MagBead OneCellPerWell v1","","MSmith","all","1","42177R","16710","Completed","TD01454_ABC14_pool_IGK_4b_SR","TD_01454_Fosmid_pools_TD_01442_ER_TD_01294_P6_120619_MOCPW","BasecallerV1","RS_Subreads.1","","TD_01454_ABC14_pool_igk_4b_020420_MO_85pM","","2.3.0","Tue Feb 25 10:55:49 EST 2020"
"true","MagBead OneCellPerWell v1","","MSmith","all","1","42163R","16709","Completed","TD01454_ABC14_pool_IGL_4_SR","TD_01454_Fosmid_pools_P6_020720_MOCPW","BasecallerV1","RS_Subreads.1","","TD_01454_ABC14_pool_igl_4_020720_MO_90pM","","2.3.0","Tue Feb 25 10:55:20 EST 2020"
"true","MagBead OneCellPerWell v1","","MSmith","all","1","42163R","16708","Completed","TD01454_ABC14_pool_IGL_5_SR","TD_01454_Fosmid_pools_P6_020720_MOCPW","BasecallerV1","RS_Subreads.1","","TD_01454_ABC14_pool_igl_5_020720_MO_90pM","","2.3.0","Tue Feb 25 10:54:54 EST 2020"
"true","MagBead OneCellPerWell v1","","oussenko","all","1","42177R","16707","Completed","RC_09127_2A_HGAP3","TD_01442_RC_isolates_P6_021920_MOCPW","BasecallerV1","RS_HGAP_Assembly.3","","TD01442_RC_09127_2A_5K_P6_021920_MOCPW_100pM","","2.3.0","Fri Feb 21 13:19:13 EST 2020"
"true","MagBead OneCellPerWell v1","","oussenko","all","1","42177R","16706","Completed","RC_09735_2A_HGAP3","TD_01442_RC_isolates_P6_021920_MOCPW","BasecallerV1","RS_HGAP_Assembly.3","","TD01442_RC_09735_2A_5K_P6_021920_MOCPW_90pM","","2.3.0","Fri Feb 21 13:18:10 EST 2020"
"true","MagBead OneCellPerWell v1","","oussenko","all","1","42177R","16705","Completed","RC_08281_2A_HGAP3","TD_01442_RC_isolates_P6_021920_MOCPW","BasecallerV1","RS_HGAP_Assembly.3","","TD01442_RC_08281_2A_5K_P6_021920_MOCPW_80pM","","2.3.0","Thu Feb 20 20:01:09 EST 2020"
"true","MagBead OneCellPerWell v1","","oussenko","all","1","42177R","16704","Completed","RC_07974_2A_HGAP3","TD_01442_RC_isolates_P6_021920_MOCPW","BasecallerV1","RS_HGAP_Assembly.3","","TD01442_RC_07974_2A_5K_P6_021920_MOCPW_100pM","","2.3.0","Thu Feb 20 17:13:01 EST 2020"
"true","MagBead OneCellPerWell v1","","oussenko","all","1","42177R","16703","Completed","RC_04132_2A_HGAP3","TD_01442_RC_isolates_P6_021920_MOCPW","BasecallerV1","RS_HGAP_Assembly.3","","TD01442_RC_04132_2A_5K_P6_021920_MOCPW_80pM","","2.3.0","Thu Feb 20 14:22:50 EST 2020"
"true","MagBead OneCellPerWell v1","","oussenko","all","1","42177R","16702","Completed","RC_04690_2A_HGAP3","TD_01442_RC_isolates_P6_021920_MOCPW","BasecallerV1","RS_HGAP_Assembly.3","","TD01442_RC_04690_2A_5K_P6_021920_MOCPW_100pM","","2.3.0","Thu Feb 20 14:22:13 EST 2020"
"true","MagBead OneCellPerWell v1","","oussenko","all","1","42163R","16701","Completed","CD_02033_4A_HGAP3","TD_01442_CD_isolate_TD_01475_FOS_pool_P6_021420_MOCPW","BasecallerV1","RS_HGAP_Assembly.3","","TD01442_CD_02033_4A_5K_P6_021420_MOCPW_100pM","","2.3.0","Tue Feb 18 13:06:22 EST 2020"
"true","MagBead OneCellPerWell v1","","oussenko","all","1","42163R","16700","Completed","CD_02001_3A_HGAP3","TD_01442_CD_isolate_TD_01475_FOS_pool_P6_021420_MOCPW","BasecallerV1","RS_HGAP_Assembly.3","","TD01442_CD_02001_3A_5K_P6_021420_MOCPW_80pM","","2.3.0","Tue Feb 18 13:05:43 EST 2020"
"true","MagBead OneCellPerWell v1","","oussenko","all","1","42163R","16699","Completed","CD_02135_2B_HGAP3","TD_01442_CD_isolate_TD_01475_FOS_pool_P6_021420_MOCPW","BasecallerV1","RS_HGAP_Assembly.3","","TD01442_CD_02135_2B_5K_P6_021420_MOCPW_80pM","","2.3.0","Tue Feb 18 13:05:17 EST 2020"
"true","MagBead OneCellPerWell v1","","oussenko","all","1","42163R","16698","Completed","CD_02064_2B_HGAP3","TD_01442_CD_isolate_TD_01475_FOS_pool_P6_021420_MOCPW","BasecallerV1","RS_HGAP_Assembly.3","","TD01442_CD_02064_2B_5K_P6_021420_MOCPW_80pM","","2.3.0","Tue Feb 18 13:04:38 EST 2020"
"true","MagBead OneCellPerWell v1","","oussenko","all","1","42163R","16697","Completed","CD_02002_3A_HGAP3","TD_01442_CD_isolate_TD_01475_FOS_pool_P6_021420_MOCPW","BasecallerV1","RS_HGAP_Assembly.3","","TD01442_CD_02002_3A_5K_P6_021420_MOCPW_80pM","","2.3.0","Tue Feb 18 13:04:03 EST 2020"
"true","MagBead OneCellPerWell v1","","MSmith","all","1","42163R","16696","Completed","TD00746_Myc_inermis_SR","TD_00400_W_TE_WAM_TD_00599_ER_CD_isolates_TD_00746_inermis_P6_042519_MOCPW","BasecallerV1","RS_Subreads.1","","TD00746_Myc_inermis_Pip_P6_042519_MOCPW_125pM","","2.3.0","Mon Feb 17 10:09:03 EST 2020"
"true","MagBead OneCellPerWell v1","","MSmith","all","1","42177R","16695","Completed","TD01454_ABC8_pool_IGL_4_SR","TD_01454_Fosmid_pools_TD_01442_ER_isolates_P6_021220_MOCPW","BasecallerV1","RS_Subreads.1","","TD_01454_ABC8_pool_igl_4_021220_MO_90pM","","2.3.0","Mon Feb 17 10:04:12 EST 2020"
"true","MagBead OneCellPerWell v1","","MSmith","all","1","42177R","16694","Completed","TD01454_ABC8_pool_IGL_5_SR","TD_01454_Fosmid_pools_TD_01442_ER_isolates_P6_021220_MOCPW","BasecallerV1","RS_Subreads.1","","TD_01454_ABC8_pool_igl_5_021220_MO_90pM","","2.3.0","Mon Feb 17 10:03:48 EST 2020"
"true","MagBead OneCellPerWell v1","","MSmith","all","1","42177R","16693","Completed","TD01454_ABC9_IGK4a_ABC12_IGL5_SR","TD_01454_Fosmid_pools_TD_01442_ER_isolates_P6_021220_MOCPW","BasecallerV1","RS_Subreads.1","","TD_01454_ABC9_igk4a_ABC12_igl5_021220_MO_90pM","","2.3.0","Mon Feb 17 10:03:22 EST 2020"
"true","MagBead OneCellPerWell v1","","MSmith","all","1","42177R","16692","Completed","TD01454_ABC8_pool_IGK_5a_SR","TD_01454_Fosmid_pools_TD_01442_ER_isolates_P6_021220_MOCPW","BasecallerV1","RS_Subreads.1","","TD_01454_ABC8_pool_igk_5a_021220_MO_90pM","","2.3.0","Mon Feb 17 09:59:36 EST 2020"
"true","MagBead OneCellPerWell v1","","MSmith","all","1","42177R","16691","Completed","TD01454_ABC8_pool_IGL_5b_SR","TD_01454_Fosmid_pools_TD_01442_ER_isolates_P6_021220_MOCPW","BasecallerV1","RS_Subreads.1","","TD_01454_ABC8_pool_igl_5b_021220_MO_90pM","","2.3.0","Mon Feb 17 09:59:10 EST 2020"
"true","MagBead OneCellPerWell v1","","MSmith","all","1","42177R","16690","Completed","TD01454_ABC8_pool_IGK_4b_SR","TD_01454_Fosmid_pools_TD_01442_ER_isolates_P6_021220_MOCPW","BasecallerV1","RS_Subreads.1","","TD_01454_ABC8_pool_igk_4b_021220_MO_90pM","","2.3.0","Mon Feb 17 09:58:42 EST 2020"
"true","","","fanglab","all","0","","16689","Completed","MM_Buni_qv40","","","RS_Modification_and_Motif_Analysis.1","common/references/Buni_polished_assembly","","","2.3.0","Sat Feb 15 21:38:21 EST 2020"
"true","MagBead OneCellPerWell v1","","oussenko","all","1","42177R","16688","Completed","ER_22199_4A_5Krapid_HGAP3","TD_01454_Fosmid_pools_TD_01442_ER_isolates_P6_021220_MOCPW","BasecallerV1","RS_HGAP_Assembly.3","","TD01442_ER_22199_4A_5K_P6_021220_MOCPW_80pM","","2.3.0","Thu Feb 13 14:27:14 EST 2020"
"true","MagBead OneCellPerWell v1","","oussenko","all","1","42177R","16687","Completed","ER_22199_5A_5Krapid_HGAP3","TD_01454_Fosmid_pools_TD_01442_ER_isolates_P6_021220_MOCPW","BasecallerV1","RS_HGAP_Assembly.3","","TD01442_ER_22199_5A_5K_P6_021220_MOCPW_80pM","","2.3.0","Thu Feb 13 14:26:36 EST 2020"
"true","MagBead OneCellPerWell v1","","fanglab","all","1","42177R","16686","Completed","MM_Bunif","TD_01454_Fosmid_pools_TD_01442_ER_TD_01294_P6_120619_MOCPW","BasecallerV1","RS_Modification_and_Motif_Analysis.1","common/references/Buni_polished_assembly","TD_01294_B_uniformis  AMP_4KB_020420_MO_90pM","","2.3.0","Wed Feb 12 15:18:42 EST 2020"
"true","MagBead OneCellPerWell v1","","MSmith","all","1","42163R","16684","Completed","TD01454_ABC7_pool_IGK_5b_SR","TD_01454_Fosmid_pools_P6_020720_MOCPW","BasecallerV1","RS_Subreads.1","","TD_01454_ABC7_pool_igk_5b_020720_MO_90pM","","2.3.0","Mon Feb 10 16:05:01 EST 2020"
"true","MagBead OneCellPerWell v1","","MSmith","all","1","42163R","16683","Completed","TD01454_ABC7_pool_IGK_4b_SR","TD_01454_Fosmid_pools_P6_020720_MOCPW","BasecallerV1","RS_Subreads.1","","TD_01454_ABC7_pool_igk_4b_020720_MO_90pM","","2.3.0","Mon Feb 10 16:04:33 EST 2020"
"true","MagBead OneCellPerWell v1","","MSmith","all","1","42163R","16682","Completed","TD01454_ABC7_pool_IGL_4_SR","TD_01454_Fosmid_pools_P6_020720_MOCPW","BasecallerV1","RS_Subreads.1","","TD_01454_ABC7_pool_igl_4_020720_MO_90pM","","2.3.0","Mon Feb 10 16:04:06 EST 2020"
"true","MagBead OneCellPerWell v1","","MSmith","all","1","42163R","16681","Completed","TD001454_ABC7_pool_IGK_5a_SR","TD_01454_Fosmid_pools_P6_020720_MOCPW","BasecallerV1","RS_Subreads.1","","TD_01454_ABC7_pool_igk_5a_020720_MO_90pM","","2.3.0","Mon Feb 10 16:03:41 EST 2020"
"true","MagBead OneCellPerWell v1","","MSmith","all","1","42163R","16680","Completed","TD01454_ABC8_pool_IGK_4a_SR","TD_01454_Fosmid_pools_P6_020720_MOCPW","BasecallerV1","RS_Subreads.1","","TD_01454_ABC8_pool_igk_4a_020720_MO_90pM","","2.3.0","Mon Feb 10 16:03:15 EST 2020"
"true","MagBead OneCellPerWell v1","","MSmith","all","1","42163R","16679","Completed","TD01454_ABC7_pool_IGK_4a_SR","TD_01454_Fosmid_pools_P6_020720_MOCPW","BasecallerV1","RS_Subreads.1","","TD_01454_ABC7_pool_igk_4a_020720_MO_90pM","","2.3.0","Mon Feb 10 16:02:42 EST 2020"
"true","MagBead OneCellPerWell v1","","oussenko","all","1","42177R","16678","Completed","ER_21964_3A_5Krapid_HGAP3","TD_01442_RR_ER_isolates_P6_020720_MOCPW","BasecallerV1","RS_HGAP_Assembly.3","","TD01442_ER_21964_3A_5K_P6_020720_MOCPW_80pM","","2.3.0","Mon Feb 10 13:15:19 EST 2020"
"true","MagBead OneCellPerWell v1","","oussenko","all","1","42177R","16677","Completed","ER_22077_3A_5Krapid_HGAP3","TD_01442_RR_ER_isolates_P6_020720_MOCPW","BasecallerV1","RS_HGAP_Assembly.3","","TD01442_ER_22077_3A_5K_P6_020720_MOCPW_80pM","","2.3.0","Mon Feb 10 13:14:15 EST 2020"
"true","MagBead OneCellPerWell v1","","MSmith","all","1","42177R","16676","Completed","TD01442_RR_00004_5krapid_HGAP3","TD_01442_RR_ER_isolates_P6_020720_MOCPW","BasecallerV1","RS_HGAP_Assembly.3","","TD01442_RR_00004_5Krapid_P6_020720_MOCPW_80pM","","2.3.0","Sat Feb 08 15:09:17 EST 2020"
"true","MagBead OneCellPerWell v1","","MSmith","all","1","42177R","16675","Completed","TD01442_RR_00003_5krapid_HGAP3","TD_01442_RR_ER_isolates_P6_020720_MOCPW","BasecallerV1","RS_HGAP_Assembly.3","","TD01442_RR_00003_5Krapid_P6_020720_MOCPW_80pM","","2.3.0","Sat Feb 08 15:08:54 EST 2020"
"true","MagBead OneCellPerWell v1","","fanglab","all","1","42177R","16674","Completed","assemble_Bunif","TD_01454_Fosmid_pools_TD_01442_ER_TD_01294_P6_120619_MOCPW","BasecallerV1","RS_HGAP_Assembly.3","","TD_01294_B_uniformis  AMP_4KB_020420_MO_90pM","","2.3.0","Thu Feb 06 09:45:18 EST 2020"
"true","MagBead OneCellPerWell v1","","oussenko","all","1","42177R","16670","Completed","ER_22090_3A_5Krapid_HGAP3","TD_01454_Fosmid_pools_TD_01442_ER_TD_01294_P6_120619_MOCPW","BasecallerV1","RS_HGAP_Assembly.3","","TD01442_ER_22090_3A_5K_P6_020420_MOCPW_80pM","","2.3.0","Wed Feb 05 10:01:01 EST 2020"
"true","MagBead OneCellPerWell v1","","MSmith","all","1","42177R","16668","Completed","TD01442_ER_22069_5krapid_HGAP3","TD_01442_ER_isolate_high_P6_013120_MOCPW","BasecallerV1","RS_HGAP_Assembly.3","","TD01442_ER_22069_5Krapid_P6_013120_MOCPW_80pM","","2.3.0","Sat Feb 01 09:15:36 EST 2020"
"true","MagBead OneCellPerWell v1","","oussenko","all","1","42177R","16667","Completed","ER_21278_3A_HGAP3","TD_01065_ER_isolate_P6_010820_MOCPW","BasecallerV1","RS_HGAP_Assembly.3","","TD01065_ER_21278_3A_5K_P6_010820_MOCPW_70pM","","2.3.0","Thu Jan 09 14:14:24 EST 2020"
"true","MagBead OneCellPerWell v1","","oussenko","all","1","42177R","16666","Completed","ER_21410_3A_HGAP3","TD_01065_ER_isolates_P6_010320_MOCPW","BasecallerV1","RS_HGAP_Assembly.3","","TD01065_ER_21410_3A_5K_P6_010320_MOCPW_80pM","","2.3.0","Sat Jan 04 13:36:15 EST 2020"
"true","MagBead OneCellPerWell v1","","oussenko","all","1","42177R","16665","Completed","ER_21397_3A_HGAP3","TD_01065_ER_isolates_P6_010320_MOCPW","BasecallerV1","RS_HGAP_Assembly.3","","TD01065_ER_21397_3A_5K_P6_010320_MOCPW_80pM","","2.3.0","Sat Jan 04 13:35:39 EST 2020"
"true","MagBead OneCellPerWell v1","","MSmith","all","1","42177R","16664","Completed","TD01189_Corey_Fosmid_pool_SR","TD_01189_Corey_fosmid_pool_P6_121919_MOCPW","BasecallerV1","RS_Subreads.1","","TD_01189_Corey_fosmid_pool_P6_121919_MOC_85pM","","2.3.0","Fri Jan 03 12:46:10 EST 2020"
"true","MagBead OneCellPerWell v1","","oussenko","all","1","42177R","16663","Completed","ER_21231_3A_BP_HGAP3","TD_01065_ER_CD_isolates_P6_123119_MOCPW","BasecallerV1","RS_HGAP_Assembly.3","","TD01065_ER_21231_3A_BP_P6_123119_MOCPW_70pM","","2.3.0","Thu Jan 02 12:33:10 EST 2020"
"true","MagBead OneCellPerWell v1","","oussenko","all","1","42177R","16662","Completed","CD_02547_2B_HGAP3","TD_01065_ER_CD_isolates_P6_123119_MOCPW","BasecallerV1","RS_HGAP_Assembly.3","","TD01065_CD_02547_2B_BP_P6_123119_MOCPW_70pM","","2.3.0","Thu Jan 02 12:32:26 EST 2020"
"true","MagBead OneCellPerWell v1","","oussenko","all","1","42177R","16661","Completed","CD_02456_2B_HGAP3","TD_01065_ER_CD_isolates_P6_123119_MOCPW","BasecallerV1","RS_HGAP_Assembly.3","","TD01065_CD_02456_2B_BP_P6_123119_MOCPW_70pM","","2.3.0","Thu Jan 02 12:31:54 EST 2020"
"true","MagBead OneCellPerWell v1","","oussenko","all","1","42177R","16660","Completed","ER_21231_3A_5K_HGAP3","TD_01065_ER_isolate_P6_122419_MOCPW","BasecallerV1","RS_HGAP_Assembly.3","","TD01065_ER_21231_3A_5K_P6_122419_MOCPW_80pM","","2.3.0","Wed Dec 25 10:31:29 EST 2019"
"true","Standard Seq v3","","MSmith","all","1","42163R","16659","Completed","TD01296_Neuro_amp_SR","TD_01289_16888B_TD_01296_Neuro_amp_121219_SSeq","BasecallerV1","RS_Subreads.1","","TD_01296_Neuro_amp_121219_SSeq_175pM","","2.3.0","Wed Dec 18 11:08:12 EST 2019"
"true","Standard Seq v3","","MSmith","all","1","42163R","16658","Completed","TD01289_16888B_SR","TD_01289_16888B_TD_01296_Neuro_amp_121219_SSeq","BasecallerV1","RS_Subreads.1","","TD_01289_16888B_121219_SSeq_175pM","","2.3.0","Wed Dec 18 11:07:54 EST 2019"
"true","MagBead OneCellPerWell v1","","MSmith","all","1","42177R","16657","Completed","TD01172_ABC11_pool_igk_5a_112519_SR","TD_01172_Fosmid_pools_P6_112519_MOCPW","BasecallerV1","RS_Subreads.1","","TD_01172_ABC11_pool_igk_5a_112519_MOCPW_110pM","","2.3.0","Wed Dec 18 11:04:17 EST 2019"
"true","MagBead OneCellPerWell v1","","MSmith","all","1","42177R","16656","Completed","TD01172_ABC13_pool_igk_5b_T20","TD_01065_ER_isolate_TD_01290_HERV_pool_TD_01172_fosmids_P6_120419_MOCPW","BasecallerV1","RS_Subreads.1","","TD_01172_ABC13_pool_igk_5b_T20_120419_MO_80pM","","2.3.0","Wed Dec 18 11:03:10 EST 2019"
"true","MagBead OneCellPerWell v1","","MSmith","all","2","[Multiple]","16655","Completed","TD01172_ABC11_pool_IGK_5a_T10_2cells_SR","[Multiple]","BasecallerV1","RS_Subreads.1","","[Multiple]","","2.3.0","Tue Dec 17 13:46:24 EST 2019"
"true","MagBead OneCellPerWell v1","","MSmith","all","1","42177R","16654","Completed","TD01172_ABC12_pool_Igk_4a_T14_SR","TD_01172_Fosmid_pools_P6_121019_MOCPW","BasecallerV1","RS_Subreads.1","","TD_01172_ABC12_pool_igk_4a_T14_121019_M_100pM","","2.3.0","Tue Dec 17 13:45:16 EST 2019"
"true","MagBead OneCellPerWell v1","","MSmith","all","1","42177R","16653","Completed","TD01172_ABC12_igk_5a_ABC12_ig_T16_SR","TD_01172_Fosmid_pools_P6_121019_MOCPW","BasecallerV1","RS_Subreads.1","","TD_01172_ABC12igk5aABC12ig_T16_121019_M_100pM","","2.3.0","Tue Dec 17 13:44:24 EST 2019"
"true","MagBead OneCellPerWell v1","","MSmith","all","1","42177R","16652","Completed","TD01172_ABC13_pool_IgK_4a_T18_SR","TD_01172_Fosmid_pools_P6_121019_MOCPW","BasecallerV1","RS_Subreads.1","","TD_01172_ABC13_pool_igk_4a_T18_121019_M_100pM","","2.3.0","Tue Dec 17 13:41:28 EST 2019"
"true","MagBead OneCellPerWell v1","","MSmith","all","1","42177R","16651","Completed","TD01172_ABC12_pool_igk_4b_T15_SR","TD_01172_Fosmid_pools_P6_121019_MOCPW","BasecallerV1","RS_Subreads.1","","TD_01172_ABC12_pool_igk_4b_T15_121019_M_100pM","","2.3.0","Tue Dec 17 13:40:37 EST 2019"
"true","MagBead OneCellPerWell v1","","MSmith","all","1","42177R","16650","Completed","TD01172_ABC11_pool_IGL_5_T13A_SR","TD_01172_Fosmid_pools_P6_121019_MOCPW","BasecallerV1","RS_Subreads.1","","TD_01172_ABC11_pool_IGL_5_T13A_121019_M_100pM","","2.3.0","Tue Dec 17 13:39:45 EST 2019"
"true","MagBead OneCellPerWell v1","","MSmith","all","1","42177R","16649","Completed","TD01172_ABC12_pool_IGK_5b_SR","TD_01172_Fosmid_pools_P6_121019_MOCPW","BasecallerV1","RS_Subreads.1","","TD_01172_ABC12_pool_igk_5b_T17_121019_M_100pM","","2.3.0","Tue Dec 17 13:38:36 EST 2019"
"true","MagBead OneCellPerWell v1","","MSmith","all","1","42177R","16648","Completed","TD01172_ABC10_pool_IGL_4_T6_SR","TD_01065_ER_isolate_TD_01290_HERV_pool_TD_01172_fosmids_P6_120419_MOCPW","BasecallerV1","RS_Subreads.1","","TD_01172_ABC10_pool_IGL_4_T6_120419_MOC_90pM","","2.3.0","Mon Dec 16 11:58:21 EST 2019"
"true","MagBead OneCellPerWell v1","","MSmith","all","1","42177R","16647","Completed","TD01172_ABC13_pool_IGK_4b_T19_SR","TD_01065_ER_isolate_TD_01290_HERV_pool_TD_01172_fosmids_P6_120419_MOCPW","BasecallerV1","RS_Subreads.1","","TD_01172_ABC13_pool_igk_4b_T19_120419_MO_80pM","","2.3.0","Mon Dec 16 11:53:02 EST 2019"
"true","MagBead OneCellPerWell v1","","MSmith","all","1","42177R","16646","Completed","TD01172_ABC10_pool_IGK_4a_T4_SR","TD_01065_ER_isolate_TD_01290_HERV_pool_TD_01172_fosmids_P6_120419_MOCPW","BasecallerV1","RS_Subreads.1","","TD_01172_ABC10_pool_igk_4a_T4_120419_MOC_80pM","","2.3.0","Mon Dec 16 11:52:22 EST 2019"
"true","MagBead OneCellPerWell v1","","MSmith","all","1","42177R","16645","Completed","TD01172_ABC11_pool_igk_5b_T11_SR","TD_01065_ER_isolate_TD_01290_HERV_pool_TD_01172_fosmids_P6_120419_MOCPW","BasecallerV1","RS_Subreads.1","","TD_01172_ABC11_pool_igk_5b_T11_120419_MO_70pM","","2.3.0","Wed Dec 11 11:57:51 EST 2019"
"true","MagBead OneCellPerWell v1","","MSmith","all","1","42163R","16644","Completed","TD01172_ABC11_pool_igk_4a_T8_SR","TD_01172_Fosmid_pools_P6_120619_MOCPW","BasecallerV1","RS_Subreads.1","","TD_01172_ABC11_pool_igk_4a_T8_120619_MO_100pM","","2.3.0","Wed Dec 11 11:57:06 EST 2019"
"true","MagBead OneCellPerWell v1","","MSmith","all","1","42163R","16643","Completed","TD01172_ABC10_pool_igk_5a_T5_SR","TD_01172_Fosmid_pools_P6_120619_MOCPW","BasecallerV1","RS_Subreads.1","","TD_01172_ABC10_pool_igk_5a_T5_120619_MO_100pM","","2.3.0","Wed Dec 11 11:56:25 EST 2019"
"true","MagBead OneCellPerWell v1","","MSmith","all","1","42163R","16642","Completed","TD01172_ABC11_pool_igk_5a_T10_SR","TD_01172_Fosmid_pools_P6_120619_MOCPW","BasecallerV1","RS_Subreads.1","","TD_01172_ABC11_pool_igk_5a_T10_120619_M_100pM","","2.3.0","Wed Dec 11 11:55:39 EST 2019"
"true","MagBead OneCellPerWell v1","","MSmith","all","1","42163R","16641","Completed","TD01172_ABC11_pool_igk_4b_ABC7_pool_igl_5_SR","TD_01172_Fosmid_pools_P6_120619_MOCPW","BasecallerV1","RS_Subreads.1","","TD_01172_ABC11plIGK4bABC7IGL5_120619_MO_100pM","","2.3.0","Wed Dec 11 11:54:53 EST 2019"
"true","MagBead OneCellPerWell v1","","MSmith","all","1","42163R","16640","Completed","TD01172_ABC10_pool_IGL_5_T7_SR","TD_01172_Fosmid_pools_P6_120619_MOCPW","BasecallerV1","RS_Subreads.1","","TD_01172_ABC10_pool_IGL_5_T7_120619_MO_100pM","","2.3.0","Wed Dec 11 11:53:10 EST 2019"
"true","MagBead OneCellPerWell v1","","MSmith","all","1","42163R","16639","Completed","TD01172_ABC11_pool_IGL_4_T12_SR","TD_01172_Fosmid_pools_P6_120619_MOCPW","BasecallerV1","RS_Subreads.1","","TD_01172_ABC11_pool_IGL_4_T12_120619_M_100pM","","2.3.0","Wed Dec 11 11:52:17 EST 2019"
"true","MagBead OneCellPerWell v1","","oussenko","all","1","42177R","16638","Completed","ER_20611_3A_5K_HGAP3","TD_01065_ER_isolate_TD_01290_HERV_pool_TD_01172_fosmids_P6_120419_MOCPW","BasecallerV1","RS_HGAP_Assembly.3","","TD01065_ER_20611_3A_5K_P6_120419_MOCPW_70pM","","2.3.0","Thu Dec 05 14:13:55 EST 2019"
"true","MagBead OneCellPerWell v1","","oussenko","all","1","42177R","16637","Completed","ER_20611_3A_BP_HGAP3","TD_01065_ER_isolate_TD_01290_HERV_pool_TD_01172_fosmids_P6_120419_MOCPW","BasecallerV1","RS_HGAP_Assembly.3","","TD01065_ER_20611_3A_BP_P6_120419_MOCPW_70pM","","2.3.0","Thu Dec 05 14:13:27 EST 2019"
"true","MagBead OneCellPerWell v1","","oussenko","all","1","42177R","16636","Completed","ER_20344_3A_5K_HGAP3_repeat","TD_01065_ER_PS_isolates_P6_112719_MOCPW","BasecallerV1","RS_HGAP_Assembly.3","","TD01065_ER_20344_3A_5K_P6_112719_MOCPW_70pM","","2.3.0","Wed Dec 04 14:25:52 EST 2019"
"true","MagBead OneCellPerWell v1","","oussenko","all","1","42177R","16635","Completed","ER_20344_3A_BP_HGAP3_repeat","TD_01065_ER_PS_isolates_P6_112719_MOCPW","BasecallerV1","RS_HGAP_Assembly.3","","TD01065_ER_20344_3A_BP_P6_112719_MOCPW_70pM","","2.3.0","Wed Dec 04 14:24:02 EST 2019"
"true","MagBead OneCellPerWell v1","","oussenko","all","1","42177R","16634","Failed","ER_20376_3A_HGAP3","TD_01065_ER_PS_isolates_P6_112719_MOCPW","BasecallerV1","RS_HGAP_Assembly.3","","TD01065_ER_20376_3A_PHT_P6_112719_MOCPW_70pM","","2.3.0","Mon Dec 02 13:25:19 EST 2019"
"true","MagBead OneCellPerWell v1","","oussenko","all","1","42177R","16633","Failed","ER_20344_3A_BP_HGAP3","TD_01065_ER_PS_isolates_P6_112719_MOCPW","BasecallerV1","RS_HGAP_Assembly.3","","TD01065_ER_20344_3A_BP_P6_112719_MOCPW_70pM","","2.3.0","Mon Dec 02 13:17:04 EST 2019"
"true","MagBead OneCellPerWell v1","","oussenko","all","1","42177R","16632","Failed","ER_20518_3A_HGAP3","TD_01065_ER_PS_isolates_P6_112719_MOCPW","BasecallerV1","RS_HGAP_Assembly.3","","TD01065_ER_20518_3A_PHT_P6_112719_MOCPW_70pM","","2.3.0","Mon Dec 02 13:15:33 EST 2019"
"true","MagBead OneCellPerWell v1","","oussenko","all","1","42177R","16631","Completed","ER_20456_3A_HGAP3","TD_01065_ER_PS_isolates_P6_112719_MOCPW","BasecallerV1","RS_HGAP_Assembly.3","","TD01065_ER_20456_3A_PHT_P6_112719_MOCPW_70pM","","2.3.0","Mon Dec 02 13:15:04 EST 2019"
"true","MagBead OneCellPerWell v1","","oussenko","all","1","42177R","16630","Completed","ER_20475_3A_HGAP3","TD_01065_ER_PS_isolates_P6_112719_MOCPW","BasecallerV1","RS_HGAP_Assembly.3","","TD01065_ER_20475_3A_PHT_P6_112719_MOCPW_70pM","","2.3.0","Mon Dec 02 13:14:21 EST 2019"
"true","MagBead OneCellPerWell v1","","oussenko","all","1","42177R","16629","Completed","ER_20478_3A_HGAP3","TD_01065_ER_PS_isolates_P6_112719_MOCPW","BasecallerV1","RS_HGAP_Assembly.3","","TD01065_ER_20478_3A_PHT_P6_112719_MOCPW_70pM","","2.3.0","Mon Dec 02 13:13:50 EST 2019"
"true","MagBead OneCellPerWell v1","","oussenko","all","1","42177R","16628","Completed","ER_20450_3A_HGAP3","TD_01065_ER_PS_isolates_P6_112719_MOCPW","BasecallerV1","RS_HGAP_Assembly.3","","TD01065_ER_20450_3A_PHT_P6_112719_MOCPW_70pM","","2.3.0","Mon Dec 02 13:13:26 EST 2019"
"true","MagBead OneCellPerWell v1","","oussenko","all","1","42177R","16627","Failed","ER_20344_3A_HGAP3","TD_01065_ER_PS_isolates_P6_112719_MOCPW","BasecallerV1","RS_HGAP_Assembly.3","","TD01065_ER_20344_3A_5K_P6_112719_MOCPW_70pM","","2.3.0","Mon Dec 02 13:12:42 EST 2019"
"true","MagBead OneCellPerWell v1","","oussenko","all","1","42177R","16626","Failed","ER_20476_3A_HGAP3","TD_01065_ER_PS_isolates_P6_112719_MOCPW","BasecallerV1","RS_HGAP_Assembly.3","","TD01065_ER_20476_3A_PHT_P6_112719_MOCPW_70pM","","2.3.0","Mon Dec 02 13:11:55 EST 2019"
"true","MagBead OneCellPerWell v1","","oussenko","all","1","42177R","16625","Failed","PS_00243_1A_HGAP3","TD_01065_ER_PS_isolates_P6_112719_MOCPW","BasecallerV1","RS_HGAP_Assembly.3","","TD01065_PS_00243_1A_PHT_P6_112719_MOCPW_70pM","","2.3.0","Mon Dec 02 13:05:20 EST 2019"
"false","","It was successfully assembled on a private node by Hardik","MSmith","all","0","","16624","Failed","TD01065_ER_20347_3A_HGAP3","","","RS_HGAP_Assembly.3","","","","2.3.0",""
"false","","It was successfully assembled on a private node by Hardik","MSmith","all","0","","16623","Failed","TD01065_ER_20345_3A_HGAP3","","","RS_HGAP_Assembly.3","","","","2.3.0",""
"false","","It was successfully assembled on a private node by Hardik","MSmith","all","0","","16622","Failed","TD01065_ER_20377_3A_HGAP3","","","RS_HGAP_Assembly.3","","","","2.3.0",""
"false","","It was successfully assembled on a private node by Hardik","MSmith","all","0","","16621","Failed","TD01065_ER_20346_3A_HGAP3","","","RS_HGAP_Assembly.3","","","","2.3.0",""
"true","MagBead OneCellPerWell v1","","oussenko","all","1","42177R","16620","Completed","ER_20342_3A_HGAP3","TD_01065_ER_isolates_P6_111919_MOCPW","BasecallerV1","RS_HGAP_Assembly.3","","TD01065_ER_20342_3A_PHT_P6_111919_MOCPW_70pM","","2.3.0","Wed Nov 20 14:40:01 EST 2019"
"true","MagBead OneCellPerWell v1","","oussenko","all","1","42177R","16619","Completed","ER_20336_3A_HGAP3","TD_01065_ER_isolates_P6_111919_MOCPW","BasecallerV1","RS_HGAP_Assembly.3","","TD01065_ER_20336_3A_PHT_P6_111919_MOCPW_70pM","","2.3.0","Wed Nov 20 12:36:05 EST 2019"
"true","MagBead OneCellPerWell v1","","oussenko","all","1","42177R","16618","Completed","ER_20304_3A_HGAP3","TD_01065_ER_isolates_P6_111919_MOCPW","BasecallerV1","RS_HGAP_Assembly.3","","TD01065_ER_20304_3A_PHT_P6_111919_MOCPW_70pM","","2.3.0","Wed Nov 20 12:35:22 EST 2019"
"true","MagBead OneCellPerWell v1","","fanglab","all","1","42177R","16617","Completed","Pbio_HGAP_tr2_5mb","TD_01065_ER_isolates_TD_01253_Probiotics_3kb_P6_110519_MOCPW","BasecallerV1","RS_HGAP_Assembly.3","","TD_01253_Probiotics_3kb_110519_MOCPW_70pM","","2.3.0","Mon Nov 18 14:41:30 EST 2019"
"true","MagBead OneCellPerWell v1","","oussenko","all","1","42177R","16616","Completed","ER_20265_3A_HGAP3_repeat2","TD_01065_ER_isolate_TD_01022_amplicons_P6_103119_MOCPW","BasecallerV1","RS_HGAP_Assembly.3","","TD01065_ER_20265_3A_BP_111519_MOCPW_70pM","","2.3.0","Mon Nov 18 12:04:08 EST 2019"
"true","MagBead OneCellPerWell v1","","oussenko","all","1","42177R","16615","Completed","ER_20265_3A_HGAP3_repeat","TD_01065_ER_isolate_TD_01022_amplicons_P6_103119_MOCPW","BasecallerV1","RS_HGAP_Assembly.3","","TD01065_ER_20265_3A_BP_111519_MOCPW_70pM","","2.3.0","Sat Nov 16 17:46:24 EST 2019"
"true","MagBead OneCellPerWell v1","","oussenko","all","1","42177R","16614","Stopped","ER_20265_3A_HGAP3","TD_01065_ER_isolate_TD_01022_amplicons_P6_103119_MOCPW","BasecallerV1","RS_HGAP_Assembly.3","","TD01065_ER_20265_3A_BP_111519_MOCPW_70pM","","2.3.0","Sat Nov 16 11:19:02 EST 2019"
"true","MagBead OneCellPerWell v1","","fanglab","all","1","42177R","16613","Completed","Pbio_ROI_tr1","TD_01065_ER_isolates_TD_01253_Probiotics_3kb_P6_110519_MOCPW","BasecallerV1","RS_ReadsOfInsert.1","","TD_01253_Probiotics_3kb_110519_MOCPW_70pM","","2.3.0","Wed Nov 13 15:27:35 EST 2019"
"true","MagBead OneCellPerWell v1","","fanglab","all","1","42177R","16612","Completed","Pbio_HGAP_tr1","TD_01065_ER_isolates_TD_01253_Probiotics_3kb_P6_110519_MOCPW","BasecallerV1","RS_HGAP_Assembly.3","","TD_01253_Probiotics_3kb_110519_MOCPW_70pM","","2.3.0","Wed Nov 13 15:26:56 EST 2019"
"true","MagBead OneCellPerWell v1","","oussenko","all","1","42177R","16611","Completed","ER_18549_3B_HGAP3","TD_01065_ER_isolates_TD_01253_Probiotics_3kb_P6_110519_MOCPW","BasecallerV1","RS_HGAP_Assembly.3","","TD_01065_ER_18549_3B_Pip_110519_MOCPW_70pM","","2.3.0","Mon Nov 11 16:33:44 EST 2019"
"true","MagBead OneCellPerWell v1","","oussenko","all","1","42177R","16610","Completed","ER_18558_3B_HGAP3","TD_01065_ER_isolates_TD_01253_Probiotics_3kb_P6_110519_MOCPW","BasecallerV1","RS_HGAP_Assembly.3","","TD_01065_ER_18558_3B_Pip_110519_MOCPW_70pM","","2.3.0","Mon Nov 11 16:33:04 EST 2019"
"true","MagBead OneCellPerWell v1","","oussenko","all","1","42177R","16609","Completed","ER_18552_3B_HGAP3","TD_01065_ER_isolates_TD_01253_Probiotics_3kb_P6_110519_MOCPW","BasecallerV1","RS_HGAP_Assembly.3","","TD_01065_ER_18552_3B_Pip_110519_MOCPW_70pM","","2.3.0","Mon Nov 11 16:32:30 EST 2019"
"true","MagBead OneCellPerWell v1","","oussenko","all","1","42177R","16608","Completed","ER_17317_3B_HGAP3","TD_01065_ER_isolates_TD_01253_Probiotics_3kb_P6_110519_MOCPW","BasecallerV1","RS_HGAP_Assembly.3","","TD_01065_ER_17317_3B_Pip_110519_MOCPW_70pM","","2.3.0","Mon Nov 11 16:31:49 EST 2019"
"true","MagBead OneCellPerWell v1","","oussenko","all","1","42163R","16607","Completed","CD_01523_3A_HGAP3","TD_01065_CDif_isolates_P6_103119_MOCPW","BasecallerV1","RS_HGAP_Assembly.3","","TD_01065_CD_01523_3A_Pip_103019_MOCPW_75pM","","2.3.0","Mon Nov 11 16:30:27 EST 2019"
"true","MagBead OneCellPerWell v1","","oussenko","all","1","42163R","16606","Completed","CD_01274_2A_HGAP3","TD_01065_CDif_isolates_P6_103119_MOCPW","BasecallerV1","RS_HGAP_Assembly.3","","TD_01065_CD_01274_2A_Pip_103019_MOCPW_75pM","","2.3.0","Mon Nov 11 16:29:43 EST 2019"
"true","MagBead OneCellPerWell v1","","oussenko","all","1","42163R","16605","Completed","CD_02640_2A_HGAP3","TD_01065_CDif_isolates_P6_103119_MOCPW","BasecallerV1","RS_HGAP_Assembly.3","","TD_01065_CD_02640_2A_Pip_103019_MOCPW_75pM","","2.3.0","Mon Nov 11 16:28:55 EST 2019"
"true","MagBead OneCellPerWell v1","","oussenko","all","1","42163R","16604","Completed","CD_02625_2A_HGAP3","TD_01065_CDif_isolates_P6_103119_MOCPW","BasecallerV1","RS_HGAP_Assembly.3","","TD_01065_CD_02625_2A_Pip_103019_MOCPW_75pM","","2.3.0","Mon Nov 11 16:26:46 EST 2019"
"true","MagBead OneCellPerWell v1","","oussenko","all","1","42163R","16603","Completed","CD_02636_2A_HGAP3","TD_01065_CDif_isolates_P6_103119_MOCPW","BasecallerV1","RS_HGAP_Assembly.3","","TD_01065_CD_02636_2A_Pip_103019_MOCPW_75pM","","2.3.0","Mon Nov 11 16:25:58 EST 2019"
"true","MagBead OneCellPerWell v1","","oussenko","all","1","42163R","16602","Completed","CD_02624_2A_HGAP3","TD_01065_CDif_isolates_P6_103119_MOCPW","BasecallerV1","RS_HGAP_Assembly.3","","TD_01065_CD_02624_2A_Pip_103019_MOCPW_75pM","","2.3.0","Mon Nov 11 16:25:10 EST 2019"
"true","MagBead OneCellPerWell v1","","oussenko","all","1","42163R","16601","Completed","CD_01363_2A_HGAP3","TD_01065_CDif_isolates_P6_103119_MOCPW","BasecallerV1","RS_HGAP_Assembly.3","","TD_01065_CD_01363_2A_Pip_103019_MOCPW_75pM","","2.3.0","Mon Nov 11 16:24:19 EST 2019"
"true","MagBead OneCellPerWell v1","","oussenko","all","1","42163R","16600","Completed","CD_02633_2A_HGAP3","TD_01065_CDif_isolates_P6_103119_MOCPW","BasecallerV1","RS_HGAP_Assembly.3","","TD_01065_CD_02633_2A_Pip_103019_MOCPW_75pM","","2.3.0","Mon Nov 11 16:23:38 EST 2019"
"true","MagBead OneCellPerWell v1","","oussenko","all","1","42163R","16599","Completed","RC_03999_2A_HGAP3","TD_01065_RC_ER_isolates_TD_01170_GGTlox_pools_P6_102319_MOCPW","BasecallerV1","RS_HGAP_Assembly.3","","TD01065_RC_03999_2A_Pip_102319_MOCPW_90pM","","2.3.0","Fri Oct 25 16:37:42 EDT 2019"
"true","MagBead OneCellPerWell v1","","oussenko","all","1","42163R","16598","Completed","ER_18602_5A_HGAP3","TD_01065_RC_ER_isolates_TD_01170_GGTlox_pools_P6_102319_MOCPW","BasecallerV1","RS_HGAP_Assembly.3","","TD01065_ER_18602_5A_Pip_102319_MOCPW_70pM","","2.3.0","Fri Oct 25 16:36:45 EDT 2019"
"true","MagBead OneCellPerWell v1","","oussenko","all","1","42177R","16597","Completed","CD_02547_3A_HGAP3","TD_01065_CD_isolates_P6_102319_MOCPW","BasecallerV1","RS_HGAP_Assembly.3","","TD01065_CD_02547_3A_Pip_P6_102319_MOCPW_70pM","","2.3.0","Fri Oct 25 16:35:48 EDT 2019"
"true","MagBead OneCellPerWell v1","","oussenko","all","1","42177R","16596","Completed","CD_02019_4A_HGAP3","TD_01065_CD_isolates_P6_102319_MOCPW","BasecallerV1","RS_HGAP_Assembly.3","","TD01065_CD_02019_4A_Pip_P6_102319_MOCPW_90pM","","2.3.0","Fri Oct 25 16:35:08 EDT 2019"
"true","MagBead OneCellPerWell v1","","oussenko","all","1","42177R","16595","Completed","CD_02606_2A_HGAP3","TD_01065_CD_isolates_P6_102319_MOCPW","BasecallerV1","RS_HGAP_Assembly.3","","TD01065_CD_02606_2A_Pip_P6_102319_MOCPW_70pM","","2.3.0","Fri Oct 25 16:32:58 EDT 2019"
"true","MagBead OneCellPerWell v1","","oussenko","all","1","42177R","16594","Completed","CD_02598_2A_HGAP3","TD_01065_CD_isolates_P6_102319_MOCPW","BasecallerV1","RS_HGAP_Assembly.3","","TD01065_CD_02598_2A_Pip_P6_102319_MOCPW_70pM","","2.3.0","Fri Oct 25 16:32:16 EDT 2019"
"true","MagBead OneCellPerWell v1","","oussenko","all","1","42177R","16593","Completed","CD_02493_2A_HGAP3","TD_01065_CD_isolates_P6_102319_MOCPW","BasecallerV1","RS_HGAP_Assembly.3","","TD01065_CD_02493_2A_Pip_P6_102319_MOCPW_70pM","","2.3.0","Fri Oct 25 16:19:50 EDT 2019"
"true","MagBead OneCellPerWell v1","","oussenko","all","1","42177R","16592","Completed","CD_02616_2A_HGAP3","TD_01065_CD_isolates_P6_102319_MOCPW","BasecallerV1","RS_HGAP_Assembly.3","","TD01065_CD_02616_2A_Pip_P6_102319_MOCPW_70pM","","2.3.0","Fri Oct 25 16:19:12 EDT 2019"
"true","MagBead OneCellPerWell v1","","oussenko","all","1","42177R","16591","Completed","ER_17526_4A_HGAP3","TD_01065_RC_ER_isolates_TD_01171_GGT_P6_100419_MOCPW","BasecallerV1","RS_HGAP_Assembly.3","","TD01065_ER_17526_4A_PHT_P6_100419_MOCPW_70pM","","2.3.0","Wed Oct 09 13:50:32 EDT 2019"
"true","MagBead OneCellPerWell v1","","oussenko","all","1","42177R","16590","Completed","ER_15905_3A_HGAP3","TD_01065_RC_ER_isolates_TD_01171_GGT_P6_100419_MOCPW","BasecallerV1","RS_HGAP_Assembly.3","","TD01065_ER_15905_3A_PHT_P6_100419_MOCPW_70pM","","2.3.0","Wed Oct 09 13:49:42 EDT 2019"
"true","MagBead OneCellPerWell v1","","oussenko","all","1","42177R","16589","Completed","RC_04870_2A_HGAP3","TD_01065_RC_ER_isolates_TD_01171_GGT_P6_100419_MOCPW","BasecallerV1","RS_HGAP_Assembly.3","","TD01065_RC_04870_2A_PHT_P6_100419_MOCPW_70pM","","2.3.0","Wed Oct 09 13:47:49 EDT 2019"
"true","MagBead OneCellPerWell v1","","oussenko","all","1","42177R","16588","Completed","RC_01047_2A_HGAP3","TD_01065_RC_ER_isolates_TD_01171_GGT_P6_100419_MOCPW","BasecallerV1","RS_HGAP_Assembly.3","","TD01065_RC_01047_2A_PHT_P6_100419_MOCPW_100pM","","2.3.0","Wed Oct 09 13:47:02 EDT 2019"
"true","MagBead OneCellPerWell v1","","oussenko","all","1","42177R","16587","Completed","RC_05452_2A_HGAP3","TD_01065_RC_ER_isolates_TD_01171_GGT_P6_100419_MOCPW","BasecallerV1","RS_HGAP_Assembly.3","","TD01065_RC_05452_2A_PHT_P6_100419_MOCPW_70pM","","2.3.0","Wed Oct 09 13:45:46 EDT 2019"
"true","MagBead OneCellPerWell v1","","oussenko","all","1","42177R","16586","Completed","RC_05238_2A_HGAP3","TD_01065_RC_ER_isolates_TD_01171_GGT_P6_100419_MOCPW","BasecallerV1","RS_HGAP_Assembly.3","","TD01065_RC_05238_2A_PHT_P6_100419_MOCPW_70pM","","2.3.0","Wed Oct 09 13:44:38 EDT 2019"
"true","MagBead OneCellPerWell v1","","oussenko","all","1","42177R","16585","Completed","RC_02255_2A_HGAP3","TD_01065_RC_ER_isolates_TD_01171_GGT_P6_100419_MOCPW","BasecallerV1","RS_HGAP_Assembly.3","","TD01065_RC_02255_2A_PHT_P6_100419_MOCPW_70pM","","2.3.0","Wed Oct 09 13:43:17 EDT 2019"
"true","MagBead OneCellPerWell v1","","oussenko","all","1","42177R","16584","Completed","RC_06051_2A_HGAP3","TD_01065_RC_ER_isolates_TD_01171_GGT_P6_100419_MOCPW","BasecallerV1","RS_HGAP_Assembly.3","","TD01065_RC_06051_2A_PHT_P6_100419_MOCPW_70pM","","2.3.0","Wed Oct 09 13:42:09 EDT 2019"
"true","MagBead OneCellPerWell v1","","MSmith","all","1","42177R","16583","Completed","TD01172_ABC10_pool_IGK_4b_p8_SR","TD_01116_TC_HSC1_TD_01172_ABC_pools_P6_092019_MOCPW","BasecallerV1","RS_Subreads.1","","TD_01172_ABC10_pool_igk_4b_p8_092019_MO_85pM","","2.3.0","Fri Sep 27 14:04:51 EDT 2019"
"true","MagBead OneCellPerWell v1","","MSmith","all","1","42177R","16582","Completed","TD01172_ABC13_pool_IGK_5a_p6_SR","TD_01116_TC_HSC1_TD_01172_ABC_pools_P6_092019_MOCPW","BasecallerV1","RS_Subreads.1","","TD_01172_ABC13_pool_igk_5a_p6_092019_MO_85pM","","2.3.0","Fri Sep 27 14:03:00 EDT 2019"
"true","MagBead OneCellPerWell v1","","MSmith","all","1","42177R","16581","Completed","TD01116_TC_HSC1_CCS_SR","TD_01116_TC_HSC1_TD_01172_ABC_pools_P6_092019_MOCPW","BasecallerV1","RS_Subreads.1","","TD_01116_TreeCode_HSC1_CCS_092019_MO_85pM","","2.3.0","Fri Sep 27 14:00:45 EDT 2019"
"true","MagBead OneCellPerWell v1","","MSmith","all","1","42177R","16580","Completed","TD01172_ABC10_pool_IGK_5b_p7_SR","TD_01116_TC_HSC1_TD_01172_ABC_pools_P6_092019_MOCPW","BasecallerV1","RS_Subreads.1","","TD_01172_ABC10_pool_igk_5b_p7_092019_MO_85pM","","2.3.0","Fri Sep 27 13:52:22 EDT 2019"
"true","Standard Seq v3","","fanglab","all","1","42163R","16579","Failed","YK_mtDNA_PvuII_reseq","TD_01135_175bp_mtDNA_PvuII_091119_SSeq","BasecallerV1","RS_Resequencing.1","common/references/hg38","TD_01135_mtDNA_PvuII_175bp_091119_SSeq_150pM","","2.3.0","Mon Sep 23 15:38:57 EDT 2019"
"true","MagBead OneCellPerWell v1","","oussenko","all","1","42163R","16578","Completed","ER_18552_3A_HGAP3_repeat","TD_01065_ER_isolates_P6_091319_MOCPW","BasecallerV1","RS_HGAP_Assembly.3","","TD01065_ER_18552_3A_PHT_P6_091319_MOCPW_70pM","","2.3.0","Mon Sep 23 12:45:11 EDT 2019"
"true","MagBead OneCellPerWell v1","","oussenko","all","1","42177R","16575","Completed","ER_17903_3A_HGAP3","TD_01065_PS_ER_isolates_P6_091319_MOCPW","BasecallerV1","RS_HGAP_Assembly.3","","TD01065_ER_17903_3A_PHT_P6_091319_MOCPW_70pM","","2.3.0","Sun Sep 15 11:39:36 EDT 2019"
"true","MagBead OneCellPerWell v1","","oussenko","all","1","42177R","16574","Completed","ER_18549_3A_HGAP3","TD_01065_PS_ER_isolates_P6_091319_MOCPW","BasecallerV1","RS_HGAP_Assembly.3","","TD01065_ER_18549_3A_PHT_P6_091319_MOCPW_70pM","","2.3.0","Sun Sep 15 11:38:43 EDT 2019"
"true","MagBead OneCellPerWell v1","","oussenko","all","1","42177R","16573","Completed","ER_18412_3A_HGAP3","TD_01065_PS_ER_isolates_P6_091319_MOCPW","BasecallerV1","RS_HGAP_Assembly.3","","TD01065_ER_18412_3A_PHT_P6_091319_MOCPW_70pM","","2.3.0","Sun Sep 15 11:38:03 EDT 2019"
"true","MagBead OneCellPerWell v1","","oussenko","all","1","42163R","16572","Completed","ER_18602_3A_HGAP3","TD_01065_ER_isolates_P6_091319_MOCPW","BasecallerV1","RS_HGAP_Assembly.3","","TD01065_ER_18602_3A_PHT_P6_091319_MOCPW_70pM","","2.3.0","Sun Sep 15 11:37:23 EDT 2019"
"true","MagBead OneCellPerWell v1","","oussenko","all","1","42163R","16571","Completed","ER_18983_3A_HGAP3","TD_01065_ER_isolates_P6_091319_MOCPW","BasecallerV1","RS_HGAP_Assembly.3","","TD01065_ER_18983_3A_PHT_P6_091319_MOCPW_70pM","","2.3.0","Sun Sep 15 11:36:44 EDT 2019"
"true","MagBead OneCellPerWell v1","","oussenko","all","1","42163R","16570","Completed","ER_18558_3A_HGAP3","TD_01065_ER_isolates_P6_091319_MOCPW","BasecallerV1","RS_HGAP_Assembly.3","","TD01065_ER_18558_3A_PHT_P6_091319_MOCPW_70pM","","2.3.0","Sun Sep 15 11:35:58 EDT 2019"
"true","MagBead OneCellPerWell v1","","oussenko","all","1","42177R","16569","Completed","PS_00238_3A_HGAP3","TD_01065_PS_ER_isolates_P6_091319_MOCPW","BasecallerV1","RS_HGAP_Assembly.3","","TD01065_PS_00238_3A_PHT_P6_091319_MOCPW_70pM","","2.3.0","Sat Sep 14 13:02:32 EDT 2019"
"true","MagBead OneCellPerWell v1","","oussenko","all","1","42177R","16568","Completed","PS_00240_3A_HGAP3","TD_01065_PS_ER_isolates_P6_091319_MOCPW","BasecallerV1","RS_HGAP_Assembly.3","","TD01065_PS_00240_3A_PHT_P6_091319_MOCPW_70pM","","2.3.0","Sat Sep 14 13:01:36 EDT 2019"
"true","MagBead OneCellPerWell v1","","oussenko","all","1","42163R","16567","Failed","ER_18552_3A_HGAP3","TD_01065_ER_isolates_P6_091319_MOCPW","BasecallerV1","RS_HGAP_Assembly.3","","TD01065_ER_18552_3A_PHT_P6_091319_MOCPW_70pM","","2.3.0","Sat Sep 14 13:00:29 EDT 2019"
"true","MagBead OneCellPerWell v1","","oussenko","all","1","42177R","16566","Completed","ER_15314_3A_HGAP3","TD_01087_HERV_Pool_TD_01065_ER_isolates_P6_091019_MOCPW","BasecallerV1","RS_HGAP_Assembly.3","","TD00599_ER_15314_3A_BP_P6_091019_MOCPW_80pM","","2.3.0","Fri Sep 13 14:56:20 EDT 2019"
"true","MagBead OneCellPerWell v1","","oussenko","all","1","42177R","16565","Completed","ER_15298_3A_HGAP3","TD_01087_HERV_Pool_TD_01065_ER_isolates_P6_091019_MOCPW","BasecallerV1","RS_HGAP_Assembly.3","","TD00599_ER_15298_3A_BP_P6_091019_MOCPW_80pM","","2.3.0","Fri Sep 13 14:55:17 EDT 2019"
"true","MagBead OneCellPerWell v1","","oussenko","all","1","42177R","16564","Completed","ER_17974_3A_HGAP3","TD_01087_HERV_Pool_TD_01065_ER_isolates_P6_091019_MOCPW","BasecallerV1","RS_HGAP_Assembly.3","","TD01065_ER_17974_3A_BP_P6_091019_MOCPW_80pM","","2.3.0","Fri Sep 13 14:54:33 EDT 2019"
"true","MagBead OneCellPerWell v1","","oussenko","all","1","42177R","16563","Completed","ER_15256_3A_HGAP3","TD_00599_ER_isolates_P6_082819_MOCPW","BasecallerV1","RS_HGAP_Assembly.3","","TD00599_ER_15256_3A_PHT_P6_082819_MOCPW_80pM","","2.3.0","Fri Aug 30 13:06:30 EDT 2019"
"true","MagBead OneCellPerWell v1","","oussenko","all","1","42177R","16562","Completed","ER_15297_3A_HGAP3","TD_00599_ER_isolates_P6_082819_MOCPW","BasecallerV1","RS_HGAP_Assembly.3","","TD00599_ER_15297_3A_PHT_P6_082819_MOCPW_80pM","","2.3.0","Fri Aug 30 13:05:42 EDT 2019"
"true","MagBead OneCellPerWell v1","","oussenko","all","1","42177R","16561","Completed","ER_15263_3A_HGAP3","TD_00599_ER_isolates_P6_082819_MOCPW","BasecallerV1","RS_HGAP_Assembly.3","","TD00599_ER_15263_3A_PHT_P6_082819_MOCPW_80pM","","2.3.0","Fri Aug 30 13:05:08 EDT 2019"
"true","MagBead OneCellPerWell v1","","oussenko","all","1","42177R","16560","Completed","ER_15253_3A_HGAP3","TD_00599_ER_isolates_P6_082819_MOCPW","BasecallerV1","RS_HGAP_Assembly.3","","TD00599_ER_15253_3A_PHT_P6_082819_MOCPW_80pM","","2.3.0","Thu Aug 29 14:17:59 EDT 2019"
"true","MagBead OneCellPerWell v1","","oussenko","all","1","42177R","16559","Completed","ER_15239_3A_HGAP3","TD_00599_ER_isolates_P6_082819_MOCPW","BasecallerV1","RS_HGAP_Assembly.3","","TD00599_ER_15239_3A_PHT_P6_082819_MOCPW_80pM","","2.3.0","Thu Aug 29 14:17:26 EDT 2019"
"true","MagBead OneCellPerWell v1","","oussenko","all","1","42177R","16558","Completed","ER_15528_3A_HGAP3","TD_01065_ER_isolates_P6_082319_MOCPW","BasecallerV1","RS_HGAP_Assembly.3","","TD01065_ER_15528_3A_BP_P6_082319_MOCPW_70pM","","2.3.0","Mon Aug 26 14:20:16 EDT 2019"
"true","MagBead OneCellPerWell v1","","oussenko","all","1","42177R","16557","Completed","ER_15513_3A_HGAP3","TD_01065_ER_isolates_P6_082319_MOCPW","BasecallerV1","RS_HGAP_Assembly.3","","TD01065_ER_15513_3A_BP_P6_082319_MOCPW_70pM","","2.3.0","Mon Aug 26 14:18:25 EDT 2019"
"true","MagBead OneCellPerWell v1","","oussenko","all","1","42177R","16556","Completed","ER_15443_3A_HGAP3","TD_01065_ER_isolates_P6_082319_MOCPW","BasecallerV1","RS_HGAP_Assembly.3","","TD01065_ER_15443_3A_BP_P6_082319_MOCPW_80pM","","2.3.0","Mon Aug 26 14:14:47 EDT 2019"
"true","MagBead OneCellPerWell v1","","oussenko","all","1","42177R","16555","Completed","ER_15569_3A_HGAP3","TD_01065_ER_isolates_P6_082319_MOCPW","BasecallerV1","RS_HGAP_Assembly.3","","TD01065_ER_15569_3A_BP_P6_082319_MOCPW_70pM","","2.3.0","Mon Aug 26 14:13:47 EDT 2019"
"true","MagBead OneCellPerWell v1","","oussenko","all","1","42177R","16554","Completed","ER_15563_3A_HGAP3","TD_01065_ER_isolates_P6_082319_MOCPW","BasecallerV1","RS_HGAP_Assembly.3","","TD01065_ER_15563_3A_BP_P6_082319_MOCPW_70pM","","2.3.0","Mon Aug 26 14:12:57 EDT 2019"
"true","MagBead OneCellPerWell v1","","oussenko","all","1","42177R","16553","Completed","ER_15516_3A_HGAP3","TD_01065_ER_isolates_P6_082319_MOCPW","BasecallerV1","RS_HGAP_Assembly.3","","TD01065_ER_15516_3A_BP_P6_082319_MOCPW_90pM","","2.3.0","Mon Aug 26 14:11:05 EDT 2019"
"true","MagBead OneCellPerWell v1","","oussenko","all","1","42177R","16552","Completed","ER_15471_3A_HGAP3","TD_01065_ER_isolates_P6_082319_MOCPW","BasecallerV1","RS_HGAP_Assembly.3","","TD01065_ER_15471_3A_BP_P6_082319_MOCPW_70pM","","2.3.0","Mon Aug 26 14:10:29 EDT 2019"
"true","MagBead OneCellPerWell v1","","oussenko","all","1","42177R","16551","Completed","ER_15560_3A_HGAP3","TD_01065_ER_isolates_P6_082319_MOCPW","BasecallerV1","RS_HGAP_Assembly.3","","TD01065_ER_15560_3A_BP_P6_082319_MOCPW_70pM","","2.3.0","Mon Aug 26 14:09:58 EDT 2019"
"true","MagBead OneCellPerWell v1","","oussenko","all","1","42177R","16550","Completed","CD_02593_2A_HGAP3","TD_01065_CD_ER_isolates_P6_082019_MOCPW","BasecallerV1","RS_HGAP_Assembly.3","","TD01065_CD_02593_2A_PHT_P6_082019_MOCPW_70pM","","2.3.0","Thu Aug 22 16:24:26 EDT 2019"
"true","MagBead OneCellPerWell v1","","oussenko","all","1","42177R","16549","Completed","ER_17977_3A_HGAP3","TD_01065_CD_ER_isolates_P6_082019_MOCPW","BasecallerV1","RS_HGAP_Assembly.3","","TD01065_ER_17977_3A_PHT_P6_082019_MOCPW_70pM","","2.3.0","Thu Aug 22 14:10:46 EDT 2019"
"true","MagBead OneCellPerWell v1","","oussenko","all","1","42177R","16548","Completed","CD_02569_2A_HGAP3","TD_01065_CD_ER_isolates_P6_082019_MOCPW","BasecallerV1","RS_HGAP_Assembly.3","","TD01065_CD_02569_2A_BP_P6_082019_MOCPW_70pM","","2.3.0","Thu Aug 22 14:10:00 EDT 2019"
"true","MagBead OneCellPerWell v1","","oussenko","all","1","42177R","16547","Completed","CD_02547_2A_HGAP3","TD_01065_CD_ER_isolates_P6_082019_MOCPW","BasecallerV1","RS_HGAP_Assembly.3","","TD01065_CD_02547_2A_PHT_P6_082019_MOCPW_70pM","","2.3.0","Thu Aug 22 14:09:26 EDT 2019"
"true","MagBead OneCellPerWell v1","","oussenko","all","1","42177R","16546","Completed","CD_02588_2A_HGAP3","TD_01065_CD_ER_isolates_P6_082019_MOCPW","BasecallerV1","RS_HGAP_Assembly.3","","TD01065_CD_02588_2A_PHT_P6_082019_MOCPW_70pM","","2.3.0","Thu Aug 22 14:08:58 EDT 2019"
"true","MagBead OneCellPerWell v1","","oussenko","all","1","42177R","16545","Completed","ER_18067_3A_HGAP3","TD_01065_CD_ER_isolates_P6_082019_MOCPW","BasecallerV1","RS_HGAP_Assembly.3","","TD01065_ER_18067_3A_PHT_P6_082019_MOCPW_70pM","","2.3.0","Thu Aug 22 14:08:31 EDT 2019"
"true","MagBead OneCellPerWell v1","","oussenko","all","1","42177R","16544","Completed","CD_02586_2A_HGAP3","TD_01065_CD_ER_isolates_P6_082019_MOCPW","BasecallerV1","RS_HGAP_Assembly.3","","TD01065_CD_02586_2A_BP_P6_082019_MOCPW_90pM","","2.3.0","Thu Aug 22 14:06:31 EDT 2019"
"true","MagBead OneCellPerWell v1","","oussenko","all","1","42177R","16543","Completed","CD_02568_2A_HGAP3","TD_01065_CD_ER_isolates_P6_082019_MOCPW","BasecallerV1","RS_HGAP_Assembly.3","","TD01065_CD_02568_2A_PHT_P6_082019_MOCPW_70pM","","2.3.0","Thu Aug 22 14:05:54 EDT 2019"
"true","MagBead OneCellPerWell v1","","MSmith","all","1","42163R","16542","Completed","TD00593_MAPT_TE_37_SR","TD_01065_CD_isolates_TD_00593_RN_TE_37_P6_0809719_MOCPW","BasecallerV1","RS_Subreads.1","","TD_00593_RN_TE_37_P6_080719_MOCPW_130pM","","2.3.0","Fri Aug 16 22:11:28 EDT 2019"
"true","MagBead OneCellPerWell v1","","MSmith","all","1","42163R","16541","Completed","TD00593_MAPT_TE_35_SR","TD_00599_ER_isolate_TD_00593_RN_TE_TD_01061_WAM_TD_01017_HERV_P6_080819_MOCPW","BasecallerV1","RS_Subreads.1","","TD_00593_RN_TE_35_P6_080719_MOCPW_85pM","","2.3.0","Fri Aug 16 22:11:00 EDT 2019"
"true","MagBead OneCellPerWell v1","","MSmith","all","1","42163R","16540","Completed","TD00593_MAPT_TE_33_SR","TD_00599_ER_isolate_TD_00593_RN_TE_TD_01061_WAM_TD_01017_HERV_P6_080819_MOCPW","BasecallerV1","RS_Subreads.1","","TD_00593_RN_TE_33_P6_080719_MOCPW_120pM","","2.3.0","Fri Aug 16 22:10:31 EDT 2019"
"true","MagBead OneCellPerWell v1","","MSmith","all","1","42163R","16539","Completed","TD00593_MAPT_TE_38_SR","TD_00599_ER_isolate_TD_00593_RN_TE_TD_01061_WAM_TD_01017_HERV_P6_080819_MOCPW","BasecallerV1","RS_Subreads.1","","TD_00593_RN_TE_38_P6_080719_MOCPW_85pM","","2.3.0","Fri Aug 16 22:10:09 EDT 2019"
"true","MagBead OneCellPerWell v1","","MSmith","all","1","42177R","16538","Completed","TD00593_MAPT_TE_22_12_SR","TD_00599_CD_ER_isolates_TD_00593_TE_22_TD_00713_KCTNI_rep_P6_080119_MOCPW","BasecallerV1","RS_Subreads.1","","TD_00593_RN_TE_22_12_080119_MO_135pM","","2.3.0","Fri Aug 16 22:09:40 EDT 2019"
"true","MagBead OneCellPerWell v1","","MSmith","all","1","42163R","16537","Completed","TD01061_IGH_TE_WAM_97_SR","TD_00599_ER_isolate_TD_00593_RN_TE_TD_01061_WAM_TD_01017_HERV_P6_080819_MOCPW","BasecallerV1","RS_Subreads.1","","TD_01061_WAM97_CAP_C2_P6_080719_MOCPW_90pM","","2.3.0","Fri Aug 16 22:06:14 EDT 2019"
"true","MagBead OneCellPerWell v1","","MSmith","all","1","42163R","16536","Completed","TD01061_IGH_TE_WAM53_CAP_C1_SR","TD_00599_ER_isolate_TD_00593_RN_TE_TD_01061_WAM_TD_01017_HERV_P6_080819_MOCPW","BasecallerV1","RS_Subreads.1","","TD_01061_WAM53_CAP_C1_P6_080719_MOCPW_90pM","","2.3.0","Fri Aug 16 22:05:41 EDT 2019"
"true","MagBead OneCellPerWell v1","","oussenko","all","1","42177R","16535","Completed","ER_17315_3A_HGAP3","TD_01065_ER_isolates_TD_01096_Emory_SSC_P6_081419_MOCPW","BasecallerV1","RS_HGAP_Assembly.3","","TD01065_ER_17315_3A_PHT_P6_081419_MOCPW_70pM","","2.3.0","Fri Aug 16 17:50:25 EDT 2019"
"true","MagBead OneCellPerWell v1","","oussenko","all","1","42177R","16534","Completed","ER_18014_3A_HGAP3","TD_01065_ER_isolates_TD_01096_Emory_SSC_P6_081419_MOCPW","BasecallerV1","RS_HGAP_Assembly.3","","TD01065_ER_18014_3A_PHT_P6_081419_MOCPW_70pM","","2.3.0","Fri Aug 16 17:49:48 EDT 2019"
"true","MagBead OneCellPerWell v1","","oussenko","all","1","42177R","16533","Completed","CD_01925_2A_HGAP3","TD_01065_CD_isolates_P6_080919_MOCPW","BasecallerV1","RS_HGAP_Assembly.3","","TD01065_CD_01925_2A_PHT_P6_080919_MOCPW_80pM","","2.3.0","Mon Aug 12 16:47:25 EDT 2019"
"true","MagBead OneCellPerWell v1","","oussenko","all","1","42177R","16532","Completed","CD_02553_2A_HGAP3","TD_01065_CD_isolates_P6_080919_MOCPW","BasecallerV1","RS_HGAP_Assembly.3","","TD01065_CD_02553_2A_PHT_P6_080919_MOCPW_70pM","","2.3.0","Mon Aug 12 16:46:35 EDT 2019"
"true","MagBead OneCellPerWell v1","","oussenko","all","1","42177R","16531","Completed","CD_02580_2A_HGAP3","TD_01065_CD_isolates_P6_080919_MOCPW","BasecallerV1","RS_HGAP_Assembly.3","","TD01065_CD_02580_2A_PHT_P6_080919_MOCPW_80pM","","2.3.0","Mon Aug 12 16:45:43 EDT 2019"
"true","MagBead OneCellPerWell v1","","oussenko","all","1","42177R","16530","Completed","CD_02406_2A_HGAP3","TD_01065_CD_isolates_P6_080919_MOCPW","BasecallerV1","RS_HGAP_Assembly.3","","TD01065_CD_02406_2A_PHT_P6_080919_MOCPW_70pM","","2.3.0","Mon Aug 12 16:45:06 EDT 2019"
"true","MagBead OneCellPerWell v1","","oussenko","all","1","42177R","16529","Completed","CD_02575_2A_HGAP3","TD_01065_CD_isolates_P6_080919_MOCPW","BasecallerV1","RS_HGAP_Assembly.3","","TD01065_CD_02575_2A_PHT_P6_080919_MOCPW_90pM","","2.3.0","Mon Aug 12 16:44:35 EDT 2019"
"true","MagBead OneCellPerWell v1","","oussenko","all","1","42177R","16528","Completed","CD_02080_2A_HGAP3","TD_01065_CD_isolates_P6_080919_MOCPW","BasecallerV1","RS_HGAP_Assembly.3","","TD01065_CD_02080_2A_PHT_P6_080919_MOCPW_70pM","","2.3.0","Mon Aug 12 16:44:03 EDT 2019"
"true","MagBead OneCellPerWell v1","","oussenko","all","1","42177R","16527","Completed","CD_02584_2A_HGAP3","TD_01065_CD_isolates_P6_080919_MOCPW","BasecallerV1","RS_HGAP_Assembly.3","","TD01065_CD_02584_2A_PHT_P6_080919_MOCPW_70pM","","2.3.0","Mon Aug 12 16:43:29 EDT 2019"
"true","MagBead OneCellPerWell v1","","oussenko","all","1","42177R","16526","Completed","CD_02501_2A_HGAP3","TD_01065_CD_isolates_P6_080919_MOCPW","BasecallerV1","RS_HGAP_Assembly.3","","TD01065_CD_02501_2A_PHT_P6_080919_MOCPW_70pM","","2.3.0","Mon Aug 12 16:42:57 EDT 2019"
"true","MagBead OneCellPerWell v1","","oussenko","all","1","42163R","16525","Completed","CD_02548_2A_HGAP3","TD_01065_CD_isolates_TD_00593_RN_TE_37_P6_0809719_MOCPW","BasecallerV1","RS_HGAP_Assembly.3","","TD01065_CD_02548_2A_BP_P6_080919_MOCPW_80pM","","2.3.0","Mon Aug 12 16:42:27 EDT 2019"
"true","MagBead OneCellPerWell v1","","oussenko","all","1","42163R","16524","Completed","CD_02564_2A_HGAP3","TD_01065_CD_isolates_TD_00593_RN_TE_37_P6_0809719_MOCPW","BasecallerV1","RS_HGAP_Assembly.3","","TD01065_CD_02564_2A_BP_P6_080919_MOCPW_90pM","","2.3.0","Mon Aug 12 16:41:03 EDT 2019"
"true","MagBead OneCellPerWell v1","","oussenko","all","1","42163R","16523","Completed","CD_02411_2A_HGAP3","TD_01065_CD_isolates_TD_00593_RN_TE_37_P6_0809719_MOCPW","BasecallerV1","RS_HGAP_Assembly.3","","TD01065_CD_02411_2A_BP_P6_080919_MOCPW_90pM","","2.3.0","Mon Aug 12 16:39:43 EDT 2019"
"true","MagBead OneCellPerWell v1","","oussenko","all","1","42163R","16522","Completed","CD_02558_2A_HGAP3","TD_01065_CD_isolates_TD_00593_RN_TE_37_P6_0809719_MOCPW","BasecallerV1","RS_HGAP_Assembly.3","","TD01065_CD_02558_2A_BP_P6_080919_MOCPW_90pM","","2.3.0","Mon Aug 12 16:39:03 EDT 2019"
"true","MagBead OneCellPerWell v1","","oussenko","all","1","42163R","16521","Completed","ER_15317_3A_HGAP3","TD_00599_ER_isolate_TD_00593_RN_TE_TD_01061_WAM_TD_01017_HERV_P6_080819_MOCPW","BasecallerV1","RS_HGAP_Assembly.3","","TD00599_ER_15317_3A_BP_P6_080719_MOCPW_70pM","","2.3.0","Mon Aug 12 16:38:22 EDT 2019"
"true","MagBead OneCellPerWell v1","","oussenko","all","1","42163R","16520","Completed","ER_15336_3A_HGAP3","TD_00599_ER_isolates_P6_080219_MOCPW","BasecallerV1","RS_HGAP_Assembly.3","","TD00599_ER_15336_3A_BP_P6_080219_MOCPW_80pM","","2.3.0","Thu Aug 08 19:15:43 EDT 2019"
"true","MagBead OneCellPerWell v1","","oussenko","all","1","42163R","16519","Completed","ER_15342_3A_HGAP3","TD_00599_ER_isolates_P6_080219_MOCPW","BasecallerV1","RS_HGAP_Assembly.3","","TD00599_ER_15342_3A_BP_P6_080219_MOCPW_80pM","","2.3.0","Thu Aug 08 19:12:54 EDT 2019"
"true","MagBead OneCellPerWell v1","","oussenko","all","1","42163R","16518","Completed","ER_15436_3A_HGAP3","TD_00599_ER_isolates_P6_080219_MOCPW","BasecallerV1","RS_HGAP_Assembly.3","","TD00599_ER_15436_3A_BP_P6_080219_MOCPW_70pM","","2.3.0","Thu Aug 08 19:12:13 EDT 2019"
"true","MagBead OneCellPerWell v1","","oussenko","all","1","42163R","16517","Completed","ER_15644_3A_HGAP3","TD_00599_ER_isolates_P6_080219_MOCPW","BasecallerV1","RS_HGAP_Assembly.3","","TD00599_ER_15644_3A_BP_P6_080219_MOCPW_70pM","","2.3.0","Thu Aug 08 19:11:39 EDT 2019"
"true","MagBead OneCellPerWell v1","","oussenko","all","1","42163R","16516","Completed","ER_15383_3A_HGAP3","TD_00599_ER_isolates_P6_080219_MOCPW","BasecallerV1","RS_HGAP_Assembly.3","","TD00599_ER_15383_3A_BP_P6_080219_MOCPW_90pM","","2.3.0","Thu Aug 08 19:10:52 EDT 2019"
"true","MagBead OneCellPerWell v1","","oussenko","all","1","42163R","16515","Completed","ER_15339_3A_HGAP3","TD_00599_ER_isolates_P6_080219_MOCPW","BasecallerV1","RS_HGAP_Assembly.3","","TD00599_ER_15339_3A_BP_P6_080219_MOCPW_80pM","","2.3.0","Thu Aug 08 19:10:22 EDT 2019"
"true","MagBead OneCellPerWell v1","","oussenko","all","1","42163R","16514","Completed","ER_15643_3A_HGAP3","TD_00599_ER_isolates_P6_080219_MOCPW","BasecallerV1","RS_HGAP_Assembly.3","","TD00599_ER_15643_3A_BP_P6_080219_MOCPW_70pM","","2.3.0","Thu Aug 08 19:09:27 EDT 2019"
"true","MagBead OneCellPerWell v1","","oussenko","all","1","42177R","16513","Completed","CD_02521_2A_HGAP3","TD_00599_CD_ER_isolates_TD_00593_TE_22_TD_00713_KCTNI_rep_P6_080119_MOCPW","BasecallerV1","RS_HGAP_Assembly.3","","TD00599_CD_02521_2A_BP_P6_080119_MOCPW_90pM","","2.3.0","Thu Aug 08 19:08:41 EDT 2019"
"true","MagBead OneCellPerWell v1","","oussenko","all","1","42177R","16512","Completed","CD_02542_2A_HGAP3","TD_00599_CD_ER_isolates_TD_00593_TE_22_TD_00713_KCTNI_rep_P6_080119_MOCPW","BasecallerV1","RS_HGAP_Assembly.3","","TD00599_CD_02542_2A_BP_P6_080119_MOCPW_70pM","","2.3.0","Thu Aug 08 19:07:49 EDT 2019"
"true","MagBead OneCellPerWell v1","","oussenko","all","1","42177R","16511","Completed","CD_02538_2A_HGAP3","TD_00599_CD_ER_isolates_TD_00593_TE_22_TD_00713_KCTNI_rep_P6_080119_MOCPW","BasecallerV1","RS_HGAP_Assembly.3","","TD00599_CD_02538_2A_BP_P6_080119_MOCPW_90pM","","2.3.0","Thu Aug 08 19:07:25 EDT 2019"
"true","MagBead OneCellPerWell v1","","oussenko","all","1","42177R","16510","Completed","CD_02502_2A_HGAP3","TD_00599_CD_ER_isolates_TD_00593_TE_22_TD_00713_KCTNI_rep_P6_080119_MOCPW","BasecallerV1","RS_HGAP_Assembly.3","","TD00599_CD_02502_2A_BP_P6_080119_MOCPW_70pM","","2.3.0","Thu Aug 08 19:06:45 EDT 2019"
"true","MagBead OneCellPerWell v1","","MSmith","all","1","42177R","16509","Completed","TD_00829_Klebs_Kp2_B_HGAP3","TD_00514_Farhat_TD_00599_ER_isolates_TD_00829_Klebs_NYU_P6_041919_MOCPW","BasecallerV1","RS_HGAP_Assembly.3","","TD00829_Klebs_Kp2_B_BP_P6_041919_MOCPW_70pM","","2.3.0","Thu Aug 08 08:13:52 EDT 2019"
"true","MagBead OneCellPerWell v1","","MSmith","all","1","42177R","16508","Completed","TD_00829_Klebs_Kp1_A_HGAP3","TD_00514_Farhat_TD_00599_ER_isolates_TD_00829_Klebs_NYU_P6_041919_MOCPW","BasecallerV1","RS_HGAP_Assembly.3","","TD00829_Klebs_Kp1_A_BP_P6_041919_MOCPW_70pM","","2.3.0","Thu Aug 08 08:13:30 EDT 2019"
"true","Standard Seq v3","","administrator","all","1","42177R","16507","Failed","Copy_of_YK_ER3413_WGA_ROI","TD_00993_Gang_Fang_175bp_072619_SSeq","BasecallerV1","RS_ReadsOfInsert.1","","TD_00993_Ecoli_3413_WGA_T7_072619_SS_200pM","","2.3.0","Wed Aug 07 12:54:37 EDT 2019"
"true","Standard Seq v3","","administrator","all","1","42163R","16506","Failed","Copy_of_TD_00791_Mito_Inp_040919_ROI_repeat","TD_00791_Mito_Input_C42_C_Albicans_Pfal_nomod_oligo_175bp_040919_SSeq","BasecallerV1","RS_ReadsOfInsert.1","","TD_00791_Mito_Inp_040919_SSeq_150pM","","2.3.0","Wed Aug 07 12:54:08 EDT 2019"
"true","Standard Seq v3","","fanglab","all","1","42177R","16505","Failed","YK_ER3413_WGA_ROI","TD_00993_Gang_Fang_175bp_072619_SSeq","BasecallerV1","RS_ReadsOfInsert.1","","TD_00993_Ecoli_3413_WGA_T7_072619_SS_200pM","","2.3.0","Thu Aug 01 16:15:58 EDT 2019"
"true","Standard Seq v3","","MSmith","all","1","42163R","16504","Failed","TD_00791_Mito_Inp_040919_ROI_repeat","TD_00791_Mito_Input_C42_C_Albicans_Pfal_nomod_oligo_175bp_040919_SSeq","BasecallerV1","RS_ReadsOfInsert.1","","TD_00791_Mito_Inp_040919_SSeq_150pM","","2.3.0","Thu Aug 01 10:34:41 EDT 2019"
"true","MagBead OneCellPerWell v1","","MSmith","all","1","42163R","16502","Completed","TD_00862_ABC7_IGH_pool1_SR","TD_00593_RN_TE_TD_00862_Fos_pools_TD_00928_JV_amp_P6_071119_MOCPW","BasecallerV1","RS_Subreads.1","","TD_00862_ABC7_IGH_pool1_071119_MO_85pM","","2.3.0","Wed Jul 31 14:38:05 EDT 2019"
"true","MagBead OneCellPerWell v1","","MSmith","all","1","42163R","16501","Completed","TD_00862_ABC7_IGH_pool2_SR","TD_00593_RN_TE_TD_00862_Fos_pools_TD_00928_JV_amp_P6_071119_MOCPW","BasecallerV1","RS_Subreads.1","","TD_00862_ABC7_IGH_pool2_071119_MO_85pM","","2.3.0","Wed Jul 31 14:37:30 EDT 2019"
"true","MagBead OneCellPerWell v1","","MSmith","all","1","42177R","16500","Completed","TD_00862_Fosmids_ABC9_IGK_1A_SR","TD_00599_ER_isolate_TD_00862_Fos_pools_P6_071219_MOCPW","BasecallerV1","RS_Subreads.1","","TD_00862_Fos_ABC9_IGK_1A_071219_MO_80pM","","2.3.0","Wed Jul 31 14:36:56 EDT 2019"
"true","MagBead OneCellPerWell v1","","MSmith","all","1","42177R","16499","Completed","TD_00862_Fosmids_ABC9_IGK_1B_SR","TD_00599_ER_isolate_TD_00862_Fos_pools_P6_071219_MOCPW","BasecallerV1","RS_Subreads.1","","TD_00862_Fos_ABC9_IGK_1B_071219_MO_80pM","","2.3.0","Wed Jul 31 14:36:27 EDT 2019"
"true","MagBead OneCellPerWell v1","","MSmith","all","1","42177R","16498","Completed","TD_00862_Fosmids_ABC12_IGK_3A_SR","TD_00599_ER_isolate_TD_00862_Fos_pools_P6_071219_MOCPW","BasecallerV1","RS_Subreads.1","","TD_00862_Fos_ABC13_IGK_3A_071219_MO_80pM","","2.3.0","Wed Jul 31 14:35:52 EDT 2019"
"true","MagBead OneCellPerWell v1","","MSmith","all","1","42177R","16497","Completed","TD_00862_Fosmids_ABC9_IGK_3B_SR","TD_00599_ER_isolate_TD_00862_Fos_pools_P6_071219_MOCPW","BasecallerV1","RS_Subreads.1","","TD_00862_Fos_ABC9_IGK_3B_071219_MO_80pM","","2.3.0","Wed Jul 31 14:33:08 EDT 2019"
"true","MagBead OneCellPerWell v1","","MSmith","all","1","42177R","16496","Completed","TD_00862_Fosmids_ABC9_IGK_2A_SR","TD_00599_ER_isolate_TD_00862_Fos_pools_P6_071219_MOCPW","BasecallerV1","RS_Subreads.1","","TD_00862_Fos_ABC9_IGK_2A_071219_MO_80pM","","2.3.0","Wed Jul 31 14:32:35 EDT 2019"
"true","MagBead OneCellPerWell v1","","MSmith","all","1","42177R","16495","Completed","TD_00862_Fosmids_ABC9_IGK_3A_SR","TD_00599_ER_isolate_TD_00862_Fos_pools_P6_071219_MOCPW","BasecallerV1","RS_Subreads.1","","TD_00862_Fos_ABC9_IGK_3A_071219_MO_80pM","","2.3.0","Wed Jul 31 14:32:04 EDT 2019"
"true","MagBead OneCellPerWell v1","","MSmith","all","1","42177R","16494","Completed","TD_00862_Fosmids_ABC9_IGK_2B_SR","TD_00599_ER_isolate_TD_00862_Fos_pools_P6_071219_MOCPW","BasecallerV1","RS_Subreads.1","","TD_00862_Fos_ABC9_IGK_2B_071219_MO_80pM","","2.3.0","Wed Jul 31 14:31:27 EDT 2019"
"true","MagBead OneCellPerWell v1","","MSmith","all","1","42177R","16493","Completed","TD_00862_ABC7_IGH_pool3_SR","TD_00593_RN_TE_TD_00862_Fos_pools_TD_00928_JV_amp_P6_071519_MOCPW","BasecallerV1","RS_Subreads.1","","TD_00862_ABC7_IGH_pool3_071519_MO_85pM","","2.3.0","Wed Jul 31 14:30:57 EDT 2019"
"true","MagBead OneCellPerWell v1","","MSmith","all","1","42177R","16492","Completed","TD_00862_ABC7_IGH_pool4_SR","TD_00593_RN_TE_TD_00862_Fos_pools_TD_00928_JV_amp_P6_071519_MOCPW","BasecallerV1","RS_Subreads.1","","TD_00862_ABC7_IGH_pool4_071519_MO_85pM","","2.3.0","Wed Jul 31 14:28:56 EDT 2019"
"true","MagBead OneCellPerWell v1","","MSmith","all","1","42177R","16491","Completed","TD_00593_MAPT_TE_21_202778989_SR","TD_00599_PS_ER_isolates_TD_00593_RN_TE_TD_P6_071719_MOCPW","BasecallerV1","RS_Subreads.1","","TD_00593_RN_TE_21_202778989_071719_MO_90pM","","2.3.0","Wed Jul 31 12:52:47 EDT 2019"
"true","MagBead OneCellPerWell v1","","MSmith","all","1","42177R","16490","Completed","TD_00593_MAPT_TE_27_202780226_SR","TD_00593_RN_TE_TD_00862_Fos_pools_TD_00928_JV_amp_P6_071519_MOCPW","BasecallerV1","RS_Subreads.1","","TD_00593_RN_TE_27_202780226_071519_MO_85pM","","2.3.0","Wed Jul 31 12:52:14 EDT 2019"
"true","MagBead OneCellPerWell v1","","MSmith","all","1","42163R","16489","Completed","TD_00593_MAPT_TE_24_204020707_SR","TD_00593_RN_TE_TD_00862_Fos_pools_TD_00928_JV_amp_P6_071119_MOCPW","BasecallerV1","RS_Subreads.1","","TD_00593_RN_TE_24_204020707_071119_MO_85pM","","2.3.0","Wed Jul 31 12:50:22 EDT 2019"
"true","MagBead OneCellPerWell v1","","MSmith","all","1","42163R","16488","Completed","TD_00593_MAPT_TE_26_205006899_SR","TD_00593_RN_TE_TD_00862_Fos_pools_TD_00928_JV_amp_P6_071119_MOCPW","BasecallerV1","RS_Subreads.1","","TD00593_RN_TE_26_205006899_071119_MO_85pM","","2.3.0","Wed Jul 31 12:48:22 EDT 2019"
"true","MagBead OneCellPerWell v1","","MSmith","all","1","42163R","16487","Completed","TD_00593_MAPT_TE_20_202780329_SR","TD_00593_RN_TE_TD_00862_Fos_pools_TD_00928_JV_amp_P6_071119_MOCPW","BasecallerV1","RS_Subreads.1","","TD_00593_RN_TE_20_202780329_071119_MO_85pM","","2.3.0","Wed Jul 31 12:47:40 EDT 2019"
"true","MagBead OneCellPerWell v1","","MSmith","all","1","42163R","16486","Completed","TD_00593_MAPT_TE_19_202790852_SR","TD_00593_RN_TE_TD_00862_Fos_pools_TD_00928_JV_amp_P6_071119_MOCPW","BasecallerV1","RS_Subreads.1","","TD_00593_RN_TE_19_202790852_071119_MO_85pM","","2.3.0","Wed Jul 31 12:46:21 EDT 2019"
"true","MagBead OneCellPerWell v1","","MSmith","all","1","42163R","16485","Completed","TD_00593_MAPT_TE_18_202791599_SR","TD_00593_RN_TE_TD_00862_Fos_pools_TD_00928_JV_amp_P6_071119_MOCPW","BasecallerV1","RS_Subreads.1","","TD00593_RN_TE_18_202791599_071119_MO_85pM","","2.3.0","Wed Jul 31 12:31:53 EDT 2019"
"true","MagBead OneCellPerWell v1","","administrator","all","1","42177R","16484","Completed","Copy_of_ER_15402_3A_HGAP3","TD_00599_ER_isolates_P6_072319_MOCPW","BasecallerV1","RS_HGAP_Assembly.3","","TD00599_ER_15402_3A_BP_P6_072319_MOCPW_70pM","","2.3.0","Mon Jul 29 13:17:51 EDT 2019"
"true","MagBead OneCellPerWell v1","","administrator","all","1","42177R","16483","Completed","Copy_of_ER_15365_3A_HGAP3","TD_00599_ER_isolates_P6_072319_MOCPW","BasecallerV1","RS_HGAP_Assembly.3","","TD00599_ER_15365_3A_BP_P6_072319_MOCPW_70pM","","2.3.0","Mon Jul 29 13:12:24 EDT 2019"
"true","MagBead OneCellPerWell v1","","administrator","all","1","42177R","16482","Completed","Copy_of_ER_15405_3A_HGAP3","TD_00599_ER_isolates_P6_072319_MOCPW","BasecallerV1","RS_HGAP_Assembly.3","","TD00599_ER_15405_3A_BP_P6_072319_MOCPW_70pM","","2.3.0","Mon Jul 29 13:10:46 EDT 2019"
"true","MagBead OneCellPerWell v1","","oussenko","all","1","42177R","16481","Failed","ER_15405_3A_HGAP3","TD_00599_ER_isolates_P6_072319_MOCPW","BasecallerV1","RS_HGAP_Assembly.3","","TD00599_ER_15405_3A_BP_P6_072319_MOCPW_70pM","","2.3.0","Fri Jul 26 15:44:27 EDT 2019"
"true","MagBead OneCellPerWell v1","","oussenko","all","1","42177R","16480","Failed","ER_15365_3A_HGAP3","TD_00599_ER_isolates_P6_072319_MOCPW","BasecallerV1","RS_HGAP_Assembly.3","","TD00599_ER_15365_3A_BP_P6_072319_MOCPW_70pM","","2.3.0","Fri Jul 26 15:39:19 EDT 2019"
"true","MagBead OneCellPerWell v1","","oussenko","all","1","42177R","16479","Completed","ER_15425_3A_HGAP3","TD_00599_ER_isolates_P6_072319_MOCPW","BasecallerV1","RS_HGAP_Assembly.3","","TD00599_ER_15425_3A_BP_P6_072319_MOCPW_70pM","","2.3.0","Fri Jul 26 15:30:57 EDT 2019"
"true","MagBead OneCellPerWell v1","","oussenko","all","1","42177R","16478","Completed","ER_15408_3A_HGAP3","TD_00599_ER_isolates_P6_072319_MOCPW","BasecallerV1","RS_HGAP_Assembly.3","","TD00599_ER_15408_3A_BP_P6_072319_MOCPW_70pM","","2.3.0","Fri Jul 26 15:26:55 EDT 2019"
"true","MagBead OneCellPerWell v1","","oussenko","all","1","42177R","16477","Completed","ER_15419_3A_HGAP3","TD_00599_ER_isolates_P6_072319_MOCPW","BasecallerV1","RS_HGAP_Assembly.3","","TD00599_ER_15419_3A_BP_P6_072319_MOCPW_70pM","","2.3.0","Fri Jul 26 15:20:43 EDT 2019"
"true","MagBead OneCellPerWell v1","","oussenko","all","1","42177R","16476","Completed","ER_15407_3A_HGAP3","TD_00599_ER_isolates_P6_072319_MOCPW","BasecallerV1","RS_HGAP_Assembly.3","","TD00599_ER_15407_3A_BP_P6_072319_MOCPW_70pM","","2.3.0","Fri Jul 26 15:20:08 EDT 2019"
"true","MagBead OneCellPerWell v1","","oussenko","all","1","42177R","16475","Failed","ER_15402_3A_HGAP3","TD_00599_ER_isolates_P6_072319_MOCPW","BasecallerV1","RS_HGAP_Assembly.3","","TD00599_ER_15402_3A_BP_P6_072319_MOCPW_70pM","","2.3.0","Fri Jul 26 15:14:43 EDT 2019"
"true","MagBead OneCellPerWell v1","","oussenko","all","1","42177R","16474","Completed","ER_15410_3A_HGAP3","TD_00599_ER_isolates_P6_072319_MOCPW","BasecallerV1","RS_HGAP_Assembly.3","","TD00599_ER_15410_3A_BP_P6_072319_MOCPW_70pM","","2.3.0","Fri Jul 26 15:44:58 EDT 2019"
"true","MagBead OneCellPerWell v1","","oussenko","all","1","42177R","16473","Completed","ER_15933_3A_HGAP3","TD_00599_ER_isolates_TD_00973_74_HERV_070519_MOCPW","BasecallerV1","RS_HGAP_Assembly.3","","TD00599_ER_15933_3A_PHT_P6_070519_MOCPW_90pM","","2.3.0","Tue Jul 23 19:04:56 EDT 2019"
"true","MagBead OneCellPerWell v1","","oussenko","all","1","42177R","16472","Completed","ER_16635_3A_HGAP3","TD_00599_ER_isolates_TD_00973_74_HERV_070519_MOCPW","BasecallerV1","RS_HGAP_Assembly.3","","TD00599_ER_16635_3A_PHT_P6_070519_MOCPW_70pM","","2.3.0","Tue Jul 23 19:04:01 EDT 2019"
"true","MagBead OneCellPerWell v1","","oussenko","all","1","42177R","16471","Completed","ER_16615_3A_HGAP3","TD_00599_ER_isolates_TD_00973_74_HERV_070519_MOCPW","BasecallerV1","RS_HGAP_Assembly.3","","TD00599_ER_16615_3A_PHT_P6_070519_MOCPW_70pM","","2.3.0","Tue Jul 23 19:03:29 EDT 2019"
"true","MagBead OneCellPerWell v1","","oussenko","all","1","42177R","16470","Completed","ER_16729_3A_HGAP3","TD_00599_ER_isolates_TD_00973_74_HERV_070519_MOCPW","BasecallerV1","RS_HGAP_Assembly.3","","TD00599_ER_16729_3A_PHT_P6_070519_MOCPW_70pM","","2.3.0","Tue Jul 23 19:02:54 EDT 2019"
"true","MagBead OneCellPerWell v1","","oussenko","all","1","42177R","16469","Completed","ER_17258_3A_HGAP3","TD_00599_ER_isolates_TD_00973_74_HERV_070519_MOCPW","BasecallerV1","RS_HGAP_Assembly.3","","TD00599_ER_17258_3A_PHT_P6_070519_MOCPW_70pM","","2.3.0","Tue Jul 23 19:02:13 EDT 2019"
"true","MagBead OneCellPerWell v1","","oussenko","all","1","42177R","16468","Completed","ER_16890_3A_HGAP3","TD_00599_ER_isolates_TD_00973_74_HERV_070519_MOCPW","BasecallerV1","RS_HGAP_Assembly.3","","TD00599_ER_16890_3A_PHT_P6_070519_MOCPW_70pM","","2.3.0","Tue Jul 23 19:01:07 EDT 2019"
"true","MagBead OneCellPerWell v1","","oussenko","all","1","42177R","16467","Completed","ER_16327_3A_HGAP3","TD_00599_ER_isolates_071019_MOCPW","BasecallerV1","RS_HGAP_Assembly.3","","TD00599_ER_16327_3A_PHT_P6_071019_MOCPW_70pM","","2.3.0","Tue Jul 23 19:00:36 EDT 2019"
"true","MagBead OneCellPerWell v1","","oussenko","all","1","42177R","16466","Completed","ER_15428_3A_HGAP3","TD_00599_ER_isolates_071019_MOCPW","BasecallerV1","RS_HGAP_Assembly.3","","TD00599_ER_15428_3A_PHT_P6_071019_MOCPW_70pM","","2.3.0","Tue Jul 23 19:00:02 EDT 2019"
"true","MagBead OneCellPerWell v1","","oussenko","all","1","42177R","16465","Completed","ER_16275_4A_HGAP3","TD_00599_ER_isolates_071019_MOCPW","BasecallerV1","RS_HGAP_Assembly.3","","TD00599_ER_16275_4A_PHT_P6_071019_MOCPW_70pM","","2.3.0","Tue Jul 23 18:59:16 EDT 2019"
"true","MagBead OneCellPerWell v1","","oussenko","all","1","42177R","16464","Completed","ER_17080_3A_HGAP3","TD_00599_ER_isolates_071019_MOCPW","BasecallerV1","RS_HGAP_Assembly.3","","TD00599_ER_17080_3A_BP_P6_071019_MOCPW_70pM","","2.3.0","Tue Jul 23 18:58:32 EDT 2019"
"true","MagBead OneCellPerWell v1","","oussenko","all","1","42177R","16463","Completed","ER_17260_3A_HGAP3","TD_00599_ER_isolates_071019_MOCPW","BasecallerV1","RS_HGAP_Assembly.3","","TD00599_ER_17260_3A_BP_P6_071019_MOCPW_70pM","","2.3.0","Tue Jul 23 18:57:28 EDT 2019"
"true","MagBead OneCellPerWell v1","","oussenko","all","1","42177R","16462","Stopped","ER_17250_3A_HGAP3","TD_00599_ER_isolates_P6_070119_MOCPW","BasecallerV1","RS_HGAP_Assembly.3","","TD00599_ER_17250_3A_PHT_P6_070119_MOCPW_70pM","","2.3.0","Tue Jul 23 18:51:08 EDT 2019"
"true","MagBead OneCellPerWell v1","","oussenko","all","1","42177R","16461","Completed","ER_16955_3A_HGAP3","TD_00599_ER_isolate_TD_00862_Fos_pools_P6_071219_MOCPW","BasecallerV1","RS_HGAP_Assembly.3","","TD00599_ER_16955_3A_PHT_P6_071219_MOC_70pM","","2.3.0","Tue Jul 23 14:25:01 EDT 2019"
"true","MagBead OneCellPerWell v1","","oussenko","all","1","42177R","16460","Completed","PS_00224_1A_HGAP3","TD_00599_PS_ER_isolates_TD_00593_RN_TE_TD_P6_071719_MOCPW","BasecallerV1","RS_HGAP_Assembly.3","","TD00599_PS_00224_1A_BP_P6_071719_MOCPW_70pM","","2.3.0","Tue Jul 23 14:23:43 EDT 2019"
"true","MagBead OneCellPerWell v1","","oussenko","all","1","42177R","16459","Stopped","ER_13762_4A_HGAP3","TD_00514_Farhat_TD_00599_ER_isolates_TD_00829_Klebs_NYU_P6_041919_MOCPW","BasecallerV1","RS_HGAP_Assembly.3","","TD00599_ER_13762_4A_Pip_P6_041919_MOCPW_70pM","","2.3.0","Tue Jul 23 14:20:58 EDT 2019"
"true","MagBead OneCellPerWell v1","","oussenko","all","1","42177R","16458","Stopped","ER_15474_3A_HGAP3","TD_00514_Farhat_TD_00599_ER_isolates_TD_00829_Klebs_NYU_P6_041919_MOCPW","BasecallerV1","RS_HGAP_Assembly.3","","TD00599_ER_15474_3A_Pip_P6_041919_MOCPW_70pM","","2.3.0","Tue Jul 23 14:20:13 EDT 2019"
"true","MagBead OneCellPerWell v1","","oussenko","all","1","42177R","16457","Stopped","ER_15444_3A_HGAP3","TD_00514_Farhat_TD_00599_ER_isolates_TD_00829_Klebs_NYU_P6_041919_MOCPW","BasecallerV1","RS_HGAP_Assembly.3","","TD00599_ER_15444_3A_Pip_P6_041919_MOCPW_70pM","","2.3.0","Tue Jul 23 14:19:45 EDT 2019"
"true","MagBead OneCellPerWell v1","","oussenko","all","1","42177R","16456","Stopped","ER_15470_3A_HGAP3","TD_00514_Farhat_TD_00599_ER_isolates_TD_00829_Klebs_NYU_P6_041919_MOCPW","BasecallerV1","RS_HGAP_Assembly.3","","TD00599_ER_15470_3A_Pip_P6_041919_MOCPW_70pM","","2.3.0","Tue Jul 23 14:19:16 EDT 2019"
"true","MagBead OneCellPerWell v1","","oussenko","all","1","42177R","16455","Stopped","ER_15440_3A_HGAP3","TD_00514_Farhat_TD_00599_ER_isolates_TD_00829_Klebs_NYU_P6_041919_MOCPW","BasecallerV1","RS_HGAP_Assembly.3","","TD00599_ER_15440_3A_Pip_P6_041919_MOCPW_70pM","","2.3.0","Tue Jul 23 14:18:44 EDT 2019"
"true","MagBead OneCellPerWell v1","","oussenko","all","1","42177R","16454","Completed","ER_17466_3A_HGAP3","TD_00599_PS_ER_isolates_TD_00593_RN_TE_TD_P6_071719_MOCPW","BasecallerV1","RS_HGAP_Assembly.3","","TD00599_ER_17466_3A_BP_P6_071719_MOCPW_70pM","","2.3.0","Tue Jul 23 14:18:18 EDT 2019"
"true","MagBead OneCellPerWell v1","","oussenko","all","1","42177R","16453","Completed","ER_17813_3A_HGAP3","TD_00599_PS_ER_isolates_TD_00593_RN_TE_TD_P6_071719_MOCPW","BasecallerV1","RS_HGAP_Assembly.3","","TD00599_ER_17813_3A_BP_P6_071719_MOCPW_70pM","","2.3.0","Tue Jul 23 14:17:50 EDT 2019"
"true","MagBead OneCellPerWell v1","","oussenko","all","1","42177R","16452","Completed","ER_16717_4A_HGAP3","TD_00599_PS_ER_isolates_TD_00593_RN_TE_TD_P6_071719_MOCPW","BasecallerV1","RS_HGAP_Assembly.3","","TD00599_ER_16717_4A_BP_P6_071719_MOCPW_70pM","","2.3.0","Tue Jul 23 14:17:23 EDT 2019"
"true","MagBead OneCellPerWell v1","","oussenko","all","1","42177R","16451","Completed","ER_15347_3A_HGAP3","TD_00599_PS_ER_isolates_TD_00593_RN_TE_TD_P6_071719_MOCPW","BasecallerV1","RS_HGAP_Assembly.3","","TD00599_ER_15347_3A_BP_P6_071719_MOCPW_70pM","","2.3.0","Tue Jul 23 14:16:49 EDT 2019"
"true","MagBead OneCellPerWell v1","","oussenko","all","1","42177R","16450","Completed","ER_15399_3A_HGAP3","TD_00599_PS_ER_isolates_TD_00593_RN_TE_TD_P6_071719_MOCPW","BasecallerV1","RS_HGAP_Assembly.3","","TD00599_ER_15399_3A_BP_P6_071719_MOCPW_70pM","","2.3.0","Tue Jul 23 14:16:25 EDT 2019"
"true","MagBead OneCellPerWell v1","","oussenko","all","1","42177R","16449","Completed","ER_17768_3A_HGAP3","TD_00599_PS_ER_isolates_TD_00593_RN_TE_TD_P6_071719_MOCPW","BasecallerV1","RS_HGAP_Assembly.3","","TD00599_ER_17768_3A_BP_P6_071719_MOCPW_70pM","","2.3.0","Tue Jul 23 14:15:59 EDT 2019"
"true","MagBead OneCellPerWell v1","","oussenko","all","1","42177R","16448","Completed","ER_17724_3A_HGAP3","TD_00599_PS_ER_isolates_TD_00593_RN_TE_TD_P6_071719_MOCPW","BasecallerV1","RS_HGAP_Assembly.3","","TD00599_ER_17724_3A_BP_P6_071719_MOCPW_70pM","","2.3.0","Tue Jul 23 14:15:10 EDT 2019"
"true","MagBead OneCellPerWell v1","","oussenko","all","1","42177R","16447","Completed","ER_15356_3A_HGAP3","TD_00599_PS_ER_isolates_TD_00593_RN_TE_TD_P6_071719_MOCPW","BasecallerV1","RS_HGAP_Assembly.3","","TD00599_ER_15356_3A_BP_P6_071719_MOCPW_70pM","","2.3.0","Tue Jul 23 14:14:38 EDT 2019"
"true","MagBead OneCellPerWell v1","","oussenko","all","1","42177R","16446","Completed","ER_17359_3A_HGAP3","TD_00599_PS_ER_isolates_TD_00593_RN_TE_TD_P6_071719_MOCPW","BasecallerV1","RS_HGAP_Assembly.3","","TD00599_ER_17359_3A_BP_P6_071719_MOCPW_70pM","","2.3.0","Tue Jul 23 14:14:09 EDT 2019"
"true","MagBead OneCellPerWell v1","","oussenko","all","1","42177R","16445","Completed","ER_17317_3A_HGAP3","TD_00599_PS_ER_isolates_TD_00593_RN_TE_TD_P6_071719_MOCPW","BasecallerV1","RS_HGAP_Assembly.3","","TD00599_ER_17317_3A_BP_P6_071719_MOCPW_70pM","","2.3.0","Tue Jul 23 14:13:42 EDT 2019"
"true","MagBead OneCellPerWell v1","","oussenko","all","1","42177R","16444","Completed","ER_15348_3A_HGAP3","TD_00599_PS_ER_isolates_TD_00593_RN_TE_TD_P6_071719_MOCPW","BasecallerV1","RS_HGAP_Assembly.3","","TD00599_ER_15348_3A_BP_P6_071719_MOCPW_70pM","","2.3.0","Tue Jul 23 14:13:15 EDT 2019"
"true","MagBead OneCellPerWell v1","testing for reproducibility - runCA fix","administrator","all","1","42177R","16443","Completed","Copy_of_Copy_of_Copy_of_Copy_of_job28483_ER_17230_3A_HGAP3_test1","TD_00599_ER_isolates_P6_070119_MOCPW","BasecallerV1","RS_HGAP_Assembly.3","","TD00599_ER_17230_3A_PHT_P6_070119_MOCPW_70pM","","2.3.0","Mon Jul 22 16:36:01 EDT 2019"
"true","MagBead OneCellPerWell v1","testing for reproducibility - walltime fix","administrator","all","1","42177R","16442","Failed","Copy_of_Copy_of_Copy_of_job28483_ER_17230_3A_HGAP3_test1","TD_00599_ER_isolates_P6_070119_MOCPW","BasecallerV1","RS_HGAP_Assembly.3","","TD00599_ER_17230_3A_PHT_P6_070119_MOCPW_70pM","","2.3.0","Mon Jul 22 13:08:40 EDT 2019"
"true","MagBead OneCellPerWell v1","","administrator","all","1","42163R","16441","Completed","RSSubRead test","TD_00400_W_TE_WAM_TD_00599_ER_CD_isolates_TD_00746_inermis_P6_042519_MOCPW","BasecallerV1","RS_Subreads.1","","TD00746_Myc_inermis_Pip_P6_042519_MOCPW_125pM","","2.3.0","Fri Jul 19 08:13:30 EDT 2019"
"true","MagBead OneCellPerWell v1","testing for reproducibility - permission fix","administrator","all","1","42177R","16440","Failed","Copy_of_Copy_of_job28483_ER_17230_3A_HGAP3_test1","TD_00599_ER_isolates_P6_070119_MOCPW","BasecallerV1","RS_HGAP_Assembly.3","","TD00599_ER_17230_3A_PHT_P6_070119_MOCPW_70pM","","2.3.0","Fri Jul 19 08:11:00 EDT 2019"
"true","MagBead OneCellPerWell v1","testing for reproducibility","administrator","all","1","42177R","16439","Failed","Copy_of_job28483_ER_17230_3A_HGAP3_test1","TD_00599_ER_isolates_P6_070119_MOCPW","BasecallerV1","RS_HGAP_Assembly.3","","TD00599_ER_17230_3A_PHT_P6_070119_MOCPW_70pM","","2.3.0","Thu Jul 18 17:46:00 EDT 2019"
"true","","testing for reproducibility","administrator","all","0","","16438","Failed","job28483_ER_17230_3A_HGAP3_test1","","","RS_HGAP_Assembly.3","","","","2.3.0","Thu Jul 18 11:33:06 EDT 2019"
"true","Standard Seq v3","","administrator","all","1","ethan","16437","Failed","SAT","B4_PSS_2kblambda_P4C2_std45_080113","BasecallerV1","RS_Site_Acceptance_Test.1","common/references/lambda","2kb lambda","","2.3.0","Thu Jul 18 10:56:54 EDT 2019"
